/*  Create C arrays from jpeg images using this online tool:
    http://tomeko.net/online_tools/file_to_hex.php?lang=en

    If needed, first resize and crop to an appropriate width and height
    to suit your display with an image editing program such as IrfanView.
    
    You can also change the image "quality" to reduce the file size.
    
    Paste the array into a new tab, top and tail the array from the
    tool to look like the one below with:

        const uint8_t name[] PROGMEM = {

    to start and and end with:

   };

    Change the name of the array. Make sure the original jpeg is less than 32Kbyes
    as there is an array size limit imposed by the Arduino IDE!


*/

const uint8_t logo[] PROGMEM = {
0xFF, 0xD8, 0xFF, 0xE1, 0x10, 0xF9, 0x45, 0x78, 0x69, 0x66, 0x00, 0x00, 0x4D, 0x4D, 0x00, 0x2A, 
0x00, 0x00, 0x00, 0x08, 0x00, 0x07, 0x01, 0x12, 0x00, 0x03, 0x00, 0x00, 0x00, 0x01, 0x00, 0x01, 
0x00, 0x00, 0x01, 0x1A, 0x00, 0x05, 0x00, 0x00, 0x00, 0x01, 0x00, 0x00, 0x00, 0x62, 0x01, 0x1B, 
0x00, 0x05, 0x00, 0x00, 0x00, 0x01, 0x00, 0x00, 0x00, 0x6A, 0x01, 0x28, 0x00, 0x03, 0x00, 0x00, 
0x00, 0x01, 0x00, 0x02, 0x00, 0x00, 0x01, 0x31, 0x00, 0x02, 0x00, 0x00, 0x00, 0x1F, 0x00, 0x00, 
0x00, 0x72, 0x01, 0x32, 0x00, 0x02, 0x00, 0x00, 0x00, 0x14, 0x00, 0x00, 0x00, 0x91, 0x87, 0x69, 
0x00, 0x04, 0x00, 0x00, 0x00, 0x01, 0x00, 0x00, 0x00, 0xA8, 0x00, 0x00, 0x00, 0xD4, 0x00, 0x0A, 
0xFC, 0x80, 0x00, 0x00, 0x27, 0x10, 0x00, 0x0A, 0xFC, 0x80, 0x00, 0x00, 0x27, 0x10, 0x41, 0x64, 
0x6F, 0x62, 0x65, 0x20, 0x50, 0x68, 0x6F, 0x74, 0x6F, 0x73, 0x68, 0x6F, 0x70, 0x20, 0x32, 0x31, 
0x2E, 0x30, 0x20, 0x28, 0x57, 0x69, 0x6E, 0x64, 0x6F, 0x77, 0x73, 0x29, 0x00, 0x32, 0x30, 0x32, 
0x34, 0x3A, 0x31, 0x30, 0x3A, 0x31, 0x34, 0x20, 0x32, 0x30, 0x3A, 0x33, 0x33, 0x3A, 0x30, 0x39, 
0x00, 0x00, 0x00, 0x00, 0x00, 0x03, 0xA0, 0x01, 0x00, 0x03, 0x00, 0x00, 0x00, 0x01, 0xFF, 0xFF, 
0x00, 0x00, 0xA0, 0x02, 0x00, 0x04, 0x00, 0x00, 0x00, 0x01, 0x00, 0x00, 0x01, 0x18, 0xA0, 0x03, 
0x00, 0x04, 0x00, 0x00, 0x00, 0x01, 0x00, 0x00, 0x00, 0xF0, 0x00, 0x00, 0x00, 0x00, 0x00, 0x00, 
0x00, 0x06, 0x01, 0x03, 0x00, 0x03, 0x00, 0x00, 0x00, 0x01, 0x00, 0x06, 0x00, 0x00, 0x01, 0x1A, 
0x00, 0x05, 0x00, 0x00, 0x00, 0x01, 0x00, 0x00, 0x01, 0x22, 0x01, 0x1B, 0x00, 0x05, 0x00, 0x00, 
0x00, 0x01, 0x00, 0x00, 0x01, 0x2A, 0x01, 0x28, 0x00, 0x03, 0x00, 0x00, 0x00, 0x01, 0x00, 0x02, 
0x00, 0x00, 0x02, 0x01, 0x00, 0x04, 0x00, 0x00, 0x00, 0x01, 0x00, 0x00, 0x01, 0x32, 0x02, 0x02, 
0x00, 0x04, 0x00, 0x00, 0x00, 0x01, 0x00, 0x00, 0x0F, 0xBF, 0x00, 0x00, 0x00, 0x00, 0x00, 0x00, 
0x00, 0x48, 0x00, 0x00, 0x00, 0x01, 0x00, 0x00, 0x00, 0x48, 0x00, 0x00, 0x00, 0x01, 0xFF, 0xD8, 
0xFF, 0xED, 0x00, 0x0C, 0x41, 0x64, 0x6F, 0x62, 0x65, 0x5F, 0x43, 0x4D, 0x00, 0x02, 0xFF, 0xEE, 
0x00, 0x0E, 0x41, 0x64, 0x6F, 0x62, 0x65, 0x00, 0x64, 0x80, 0x00, 0x00, 0x00, 0x01, 0xFF, 0xDB, 
0x00, 0x84, 0x00, 0x0C, 0x08, 0x08, 0x08, 0x09, 0x08, 0x0C, 0x09, 0x09, 0x0C, 0x11, 0x0B, 0x0A, 
0x0B, 0x11, 0x15, 0x0F, 0x0C, 0x0C, 0x0F, 0x15, 0x18, 0x13, 0x13, 0x15, 0x13, 0x13, 0x18, 0x11, 
0x0C, 0x0C, 0x0C, 0x0C, 0x0C, 0x0C, 0x11, 0x0C, 0x0C, 0x0C, 0x0C, 0x0C, 0x0C, 0x0C, 0x0C, 0x0C, 
0x0C, 0x0C, 0x0C, 0x0C, 0x0C, 0x0C, 0x0C, 0x0C, 0x0C, 0x0C, 0x0C, 0x0C, 0x0C, 0x0C, 0x0C, 0x0C, 
0x0C, 0x0C, 0x0C, 0x01, 0x0D, 0x0B, 0x0B, 0x0D, 0x0E, 0x0D, 0x10, 0x0E, 0x0E, 0x10, 0x14, 0x0E, 
0x0E, 0x0E, 0x14, 0x14, 0x0E, 0x0E, 0x0E, 0x0E, 0x14, 0x11, 0x0C, 0x0C, 0x0C, 0x0C, 0x0C, 0x11, 
0x11, 0x0C, 0x0C, 0x0C, 0x0C, 0x0C, 0x0C, 0x11, 0x0C, 0x0C, 0x0C, 0x0C, 0x0C, 0x0C, 0x0C, 0x0C, 
0x0C, 0x0C, 0x0C, 0x0C, 0x0C, 0x0C, 0x0C, 0x0C, 0x0C, 0x0C, 0x0C, 0x0C, 0x0C, 0x0C, 0x0C, 0x0C, 
0x0C, 0x0C, 0x0C, 0x0C, 0xFF, 0xC0, 0x00, 0x11, 0x08, 0x00, 0x89, 0x00, 0xA0, 0x03, 0x01, 0x22, 
0x00, 0x02, 0x11, 0x01, 0x03, 0x11, 0x01, 0xFF, 0xDD, 0x00, 0x04, 0x00, 0x0A, 0xFF, 0xC4, 0x01, 
0x3F, 0x00, 0x00, 0x01, 0x05, 0x01, 0x01, 0x01, 0x01, 0x01, 0x01, 0x00, 0x00, 0x00, 0x00, 0x00, 
0x00, 0x00, 0x03, 0x00, 0x01, 0x02, 0x04, 0x05, 0x06, 0x07, 0x08, 0x09, 0x0A, 0x0B, 0x01, 0x00, 
0x01, 0x05, 0x01, 0x01, 0x01, 0x01, 0x01, 0x01, 0x00, 0x00, 0x00, 0x00, 0x00, 0x00, 0x00, 0x01, 
0x00, 0x02, 0x03, 0x04, 0x05, 0x06, 0x07, 0x08, 0x09, 0x0A, 0x0B, 0x10, 0x00, 0x01, 0x04, 0x01, 
0x03, 0x02, 0x04, 0x02, 0x05, 0x07, 0x06, 0x08, 0x05, 0x03, 0x0C, 0x33, 0x01, 0x00, 0x02, 0x11, 
0x03, 0x04, 0x21, 0x12, 0x31, 0x05, 0x41, 0x51, 0x61, 0x13, 0x22, 0x71, 0x81, 0x32, 0x06, 0x14, 
0x91, 0xA1, 0xB1, 0x42, 0x23, 0x24, 0x15, 0x52, 0xC1, 0x62, 0x33, 0x34, 0x72, 0x82, 0xD1, 0x43, 
0x07, 0x25, 0x92, 0x53, 0xF0, 0xE1, 0xF1, 0x63, 0x73, 0x35, 0x16, 0xA2, 0xB2, 0x83, 0x26, 0x44, 
0x93, 0x54, 0x64, 0x45, 0xC2, 0xA3, 0x74, 0x36, 0x17, 0xD2, 0x55, 0xE2, 0x65, 0xF2, 0xB3, 0x84, 
0xC3, 0xD3, 0x75, 0xE3, 0xF3, 0x46, 0x27, 0x94, 0xA4, 0x85, 0xB4, 0x95, 0xC4, 0xD4, 0xE4, 0xF4, 
0xA5, 0xB5, 0xC5, 0xD5, 0xE5, 0xF5, 0x56, 0x66, 0x76, 0x86, 0x96, 0xA6, 0xB6, 0xC6, 0xD6, 0xE6, 
0xF6, 0x37, 0x47, 0x57, 0x67, 0x77, 0x87, 0x97, 0xA7, 0xB7, 0xC7, 0xD7, 0xE7, 0xF7, 0x11, 0x00, 
0x02, 0x02, 0x01, 0x02, 0x04, 0x04, 0x03, 0x04, 0x05, 0x06, 0x07, 0x07, 0x06, 0x05, 0x35, 0x01, 
0x00, 0x02, 0x11, 0x03, 0x21, 0x31, 0x12, 0x04, 0x41, 0x51, 0x61, 0x71, 0x22, 0x13, 0x05, 0x32, 
0x81, 0x91, 0x14, 0xA1, 0xB1, 0x42, 0x23, 0xC1, 0x52, 0xD1, 0xF0, 0x33, 0x24, 0x62, 0xE1, 0x72, 
0x82, 0x92, 0x43, 0x53, 0x15, 0x63, 0x73, 0x34, 0xF1, 0x25, 0x06, 0x16, 0xA2, 0xB2, 0x83, 0x07, 
0x26, 0x35, 0xC2, 0xD2, 0x44, 0x93, 0x54, 0xA3, 0x17, 0x64, 0x45, 0x55, 0x36, 0x74, 0x65, 0xE2, 
0xF2, 0xB3, 0x84, 0xC3, 0xD3, 0x75, 0xE3, 0xF3, 0x46, 0x94, 0xA4, 0x85, 0xB4, 0x95, 0xC4, 0xD4, 
0xE4, 0xF4, 0xA5, 0xB5, 0xC5, 0xD5, 0xE5, 0xF5, 0x56, 0x66, 0x76, 0x86, 0x96, 0xA6, 0xB6, 0xC6, 
0xD6, 0xE6, 0xF6, 0x27, 0x37, 0x47, 0x57, 0x67, 0x77, 0x87, 0x97, 0xA7, 0xB7, 0xC7, 0xFF, 0xDA, 
0x00, 0x0C, 0x03, 0x01, 0x00, 0x02, 0x11, 0x03, 0x11, 0x00, 0x3F, 0x00, 0xF2, 0xA4, 0x92, 0x49, 
0x25, 0x29, 0x24, 0x92, 0x49, 0x4A, 0x49, 0x24, 0x92, 0x52, 0x92, 0x49, 0x24, 0x94, 0xA4, 0x92, 
0x49, 0x25, 0x29, 0x24, 0x92, 0x49, 0x4A, 0x49, 0x24, 0x92, 0x52, 0x92, 0x49, 0x24, 0x94, 0xA4, 
0x92, 0x49, 0x25, 0x29, 0x24, 0x92, 0x49, 0x4F, 0xFF, 0xD0, 0xF2, 0xA4, 0x92, 0x49, 0x25, 0x29, 
0x24, 0x92, 0x49, 0x4A, 0x49, 0x24, 0x92, 0x52, 0x92, 0x49, 0x24, 0x94, 0xA4, 0x92, 0x49, 0x25, 
0x29, 0x24, 0x92, 0x49, 0x4A, 0x49, 0x24, 0x92, 0x52, 0x92, 0x49, 0x24, 0x94, 0xA4, 0x92, 0x49, 
0x25, 0x29, 0x24, 0x92, 0x49, 0x4F, 0xFF, 0xD1, 0xF2, 0xA4, 0x92, 0x49, 0x25, 0x29, 0x24, 0x92, 
0x49, 0x4A, 0x49, 0x68, 0x74, 0xBE, 0x83, 0xD5, 0x7A, 0xB3, 0x2D, 0xB3, 0x06, 0x90, 0xFA, 0xB1, 
0xE3, 0xD6, 0xBA, 0xCB, 0x2B, 0xA6, 0xB6, 0x97, 0x18, 0x63, 0x5D, 0x7E, 0x53, 0xE9, 0xAB, 0x7B, 
0xBF, 0xD1, 0xEF, 0xDE, 0xB6, 0x70, 0x3F, 0xC5, 0xE7, 0x5A, 0xCA, 0xAB, 0x36, 0xDB, 0xAC, 0xC7, 
0xC7, 0x6E, 0x1E, 0x3B, 0xF2, 0x06, 0xDB, 0xE9, 0xBC, 0xBC, 0xB3, 0xDD, 0xE9, 0xC6, 0x25, 0xD7, 
0x3A, 0x9D, 0xCD, 0x6B, 0xFF, 0x00, 0x4D, 0x67, 0xB1, 0x25, 0x3C, 0xB2, 0x4B, 0xB4, 0xC1, 0xFF, 
0x00, 0x16, 0x5D, 0x43, 0x36, 0xFE, 0x95, 0x53, 0x33, 0x69, 0x60, 0xEA, 0xB8, 0x0E, 0xCF, 0x6B, 
0x88, 0x74, 0xB0, 0x01, 0x59, 0x6D, 0x3B, 0x7F, 0xC2, 0x6E, 0xFB, 0x4E, 0x37, 0xE9, 0x3F, 0xE3, 
0xFF, 0x00, 0xD0, 0xFE, 0x9A, 0x80, 0xFA, 0x87, 0xD5, 0x6C, 0xE8, 0x78, 0x1D, 0x63, 0x1E, 0xDA, 
0x2C, 0x6E, 0x7E, 0xFF, 0x00, 0xD0, 0xD9, 0x6D, 0x74, 0x16, 0x06, 0x9D, 0xAC, 0xFD, 0x2E, 0x5D, 
0x94, 0xD7, 0x6B, 0x9F, 0xB1, 0xFB, 0xD9, 0x5F, 0xF3, 0x49, 0x29, 0xE6, 0x92, 0x5A, 0x5D, 0x4F, 
0xEA, 0xF7, 0x57, 0xE9, 0x54, 0xD7, 0x91, 0x9B, 0x48, 0x6E, 0x3D, 0xCE, 0x2C, 0xAE, 0xEA, 0xAC, 
0xAE, 0xEA, 0xCB, 0x9B, 0xAB, 0xAB, 0x37, 0x62, 0xD9, 0x75, 0x6C, 0xB3, 0x6F, 0xF8, 0x37, 0xBB, 
0x7A, 0xCD, 0x49, 0x4A, 0x49, 0x24, 0x92, 0x52, 0x92, 0x49, 0x24, 0x94, 0xA4, 0x93, 0xAD, 0xFF, 
0x00, 0xAB, 0x3F, 0x52, 0x3A, 0xDF, 0xD6, 0x42, 0x6C, 0xC4, 0x63, 0x68, 0xC3, 0x61, 0xDA, 0xFC, 
0xCB, 0xE5, 0xB5, 0xCF, 0xEE, 0x55, 0xB4, 0x39, 0xF7, 0xD9, 0xFC, 0x9A, 0x9B, 0xEC, 0xFF, 0x00, 
0x0B, 0xE9, 0xA4, 0xA7, 0x9F, 0x49, 0x74, 0xDF, 0x5B, 0xBE, 0xA2, 0x75, 0x1F, 0xAB, 0x0C, 0xAB, 
0x26, 0xDB, 0x99, 0x97, 0x87, 0x7B, 0xBD, 0x36, 0xDF, 0x58, 0x2D, 0xDB, 0x64, 0x6F, 0xF4, 0xED, 
0xAD, 0xFF, 0x00, 0x47, 0x7B, 0x43, 0xFD, 0x3D, 0xAE, 0x7F, 0xD0, 0x5C, 0xCA, 0x4A, 0x52, 0x49, 
0x24, 0x92, 0x9F, 0xFF, 0xD2, 0xF2, 0xA4, 0x92, 0x49, 0x25, 0x29, 0x3A, 0x64, 0xE9, 0x29, 0xE9, 
0xF1, 0x32, 0x9D, 0xD3, 0xFE, 0xAB, 0xF4, 0xAC, 0xB7, 0xE2, 0xB3, 0x2A, 0x96, 0xF5, 0x4C, 0xBB, 
0x3E, 0xCF, 0x90, 0xC2, 0xEA, 0x2D, 0x8A, 0x30, 0xEB, 0x6F, 0xA8, 0xCF, 0x6B, 0x6C, 0xFF, 0x00, 
0x09, 0xE9, 0xFF, 0x00, 0xEA, 0xC5, 0xB5, 0x85, 0xD0, 0x98, 0xDE, 0xA1, 0xD4, 0x3A, 0x6F, 0x4A, 
0xE8, 0x6F, 0xEB, 0x39, 0x78, 0xC4, 0xD7, 0xD5, 0x32, 0x2B, 0xCB, 0x7E, 0x1D, 0x0D, 0x75, 0xBF, 
0xCE, 0xE0, 0xE2, 0xD4, 0x1F, 0x46, 0xEC, 0x4A, 0x9E, 0xC7, 0x55, 0xFA, 0x7B, 0x6E, 0xB2, 0xEF, 
0x4F, 0xD4, 0xFE, 0x6D, 0x67, 0xF5, 0x6E, 0xA5, 0x6D, 0xBF, 0x52, 0x3A, 0x75, 0x07, 0xAD, 0x5D, 
0x94, 0xD0, 0xEA, 0xD9, 0xFB, 0x3D, 0xF8, 0x66, 0xBA, 0xD8, 0x2B, 0x0F, 0x0D, 0x63, 0x3A, 0x8F, 
0xA6, 0x3D, 0x7F, 0xB3, 0x6D, 0xD9, 0xFD, 0x22, 0xCF, 0xF8, 0xB5, 0xA1, 0xD5, 0xB2, 0xF2, 0x71, 
0xB0, 0xBE, 0xBC, 0xFD, 0x9E, 0xC7, 0x54, 0x6D, 0xEA, 0x74, 0xD6, 0xF2, 0xC3, 0x04, 0xB1, 0xD6, 
0x64, 0xFA, 0x8C, 0xDC, 0x3F, 0x36, 0xCD, 0xBE, 0xF4, 0x94, 0xDD, 0x6F, 0xD5, 0x8E, 0xB4, 0xD7, 
0x31, 0xCD, 0xFA, 0x9A, 0xE0, 0xEA, 0x98, 0x6A, 0xAC, 0x8E, 0xAA, 0xF0, 0x5A, 0xC7, 0x6E, 0xDF, 
0x53, 0x3F, 0x59, 0xF6, 0x56, 0xFF, 0x00, 0x52, 0xCD, 0xCC, 0xFF, 0x00, 0x84, 0x59, 0xDD, 0x6B, 
0xA6, 0xD1, 0xD2, 0xF1, 0x31, 0xC7, 0xD6, 0x0F, 0xAB, 0x17, 0xF4, 0xFE, 0x9A, 0x6C, 0xF4, 0xAB, 
0xBA, 0x8E, 0xA0, 0xEB, 0x9D, 0x53, 0x9F, 0xFA, 0x4B, 0x5D, 0x45, 0x16, 0x3B, 0x27, 0x1F, 0xD4, 
0x73, 0x19, 0xEA, 0x7A, 0x76, 0xB2, 0xBF, 0x5F, 0xD3, 0xFE, 0x71, 0x63, 0xE5, 0x7D, 0x4C, 0xEA, 
0x38, 0xDF, 0x54, 0x69, 0xFA, 0xCE, 0xFC, 0xBA, 0x9D, 0x45, 0xA5, 0xA7, 0xEC, 0xE1, 0xC7, 0x70, 
0x6B, 0xDD, 0xE9, 0x57, 0xB5, 0xFF, 0x00, 0x42, 0xCB, 0x77, 0xFF, 0x00, 0x3B, 0x43, 0x7F, 0x9A, 
0x62, 0xDD, 0xEB, 0x59, 0x39, 0x39, 0x5F, 0xE2, 0x87, 0xA5, 0x5D, 0x93, 0x63, 0xAE, 0xB7, 0xED, 
0xDB, 0x3D, 0x47, 0x92, 0xE7, 0x6D, 0x61, 0xCC, 0x65, 0x6D, 0x2E, 0x77, 0xEE, 0x37, 0xD8, 0xD4, 
0x94, 0xD4, 0xAF, 0xA3, 0xFE, 0xCD, 0xC5, 0xBF, 0xA4, 0xE4, 0xED, 0xBD, 0xB4, 0x7D, 0x63, 0xC3, 
0xA1, 0xE4, 0x80, 0x1B, 0x63, 0x05, 0x79, 0x4D, 0xDC, 0xEA, 0xE5, 0xCD, 0x6B, 0x6D, 0xAD, 0xDE, 
0xE6, 0x2E, 0x6B, 0xEB, 0x35, 0x55, 0x51, 0xF5, 0x93, 0xAB, 0x53, 0x43, 0x1B, 0x55, 0x55, 0x66, 
0xE4, 0x32, 0xBA, 0xD8, 0x03, 0x5A, 0xD6, 0xB6, 0xD7, 0xB5, 0x8C, 0x63, 0x1B, 0xED, 0x63, 0x1A, 
0xD5, 0xDE, 0xE2, 0x5C, 0x3A, 0x86, 0x46, 0x4F, 0x5C, 0xC2, 0xB0, 0xFD, 0x9F, 0xAA, 0x3E, 0xBC, 
0xAB, 0x30, 0x73, 0x7A, 0x6E, 0x56, 0x63, 0x28, 0xCA, 0xAB, 0xD9, 0xEB, 0xE2, 0x65, 0x60, 0xD6, 
0x69, 0xB1, 0xD5, 0x3F, 0xD5, 0xF4, 0x6D, 0xDD, 0xEF, 0xA6, 0xCF, 0x4B, 0x26, 0x85, 0xE7, 0xDD, 
0x71, 0x96, 0xB3, 0xAC, 0x66, 0x8B, 0xAE, 0x76, 0x4D, 0xC6, 0xF7, 0xBA, 0xDB, 0xDD, 0x5B, 0xA9, 
0x73, 0xDE, 0xE7, 0x6F, 0x7D, 0x8E, 0xC7, 0xB5, 0xB5, 0xD9, 0x4B, 0x9C, 0xF7, 0x7F, 0x36, 0xE6, 
0x24, 0xA6, 0x8A, 0x64, 0xE9, 0x24, 0xA5, 0x2B, 0xB8, 0xBD, 0x0F, 0xAD, 0xE6, 0x51, 0xF6, 0x9C, 
0x3E, 0x9F, 0x95, 0x93, 0x8F, 0x24, 0x7A, 0xD4, 0xD3, 0x63, 0xD9, 0x23, 0x96, 0xFA, 0x95, 0xB1, 
0xCC, 0x5D, 0xBF, 0xD5, 0x3F, 0xF1, 0x75, 0x48, 0xE9, 0xCD, 0xFA, 0xC1, 0xD7, 0xAA, 0xB7, 0x2E, 
0x8F, 0x47, 0xED, 0x38, 0xDD, 0x2B, 0x14, 0x6E, 0xB6, 0xD6, 0x91, 0xBE, 0xA3, 0x66, 0xD2, 0xDF, 
0xE7, 0x19, 0xFA, 0x46, 0x63, 0x54, 0xFD, 0xFF, 0x00, 0xE9, 0x6C, 0xFF, 0x00, 0x00, 0xBB, 0xDF, 
0xAB, 0x6F, 0xFA, 0xC3, 0x65, 0x56, 0x64, 0x75, 0x5A, 0x69, 0xE9, 0xB8, 0xD6, 0x35, 0x8D, 0xE9, 
0xDD, 0x26, 0x96, 0x80, 0xEC, 0x6A, 0x9B, 0xB8, 0x45, 0xD6, 0x30, 0x33, 0xDF, 0x65, 0x7E, 0x9F, 
0xE8, 0x3F, 0xC1, 0xFF, 0x00, 0xA3, 0xC6, 0xFE, 0x65, 0x25, 0x3C, 0x37, 0xD4, 0xFF, 0x00, 0xF1, 
0x58, 0xFB, 0x76, 0x67, 0xFD, 0x64, 0x6B, 0xAA, 0xAC, 0x80, 0xEA, 0xBA, 0x70, 0x25, 0xB6, 0x3A, 
0x75, 0xDD, 0x98, 0xF6, 0xFB, 0xA8, 0x66, 0xDF, 0xFB, 0x4E, 0xDF, 0xD6, 0x3F, 0xD2, 0x7A, 0x0B, 
0xD3, 0x5A, 0xDC, 0x7C, 0x6A, 0x36, 0xB4, 0x57, 0x8F, 0x8D, 0x8E, 0xC2, 0x60, 0x6D, 0xAE, 0xAA, 
0xEB, 0x60, 0xFE, 0xCD, 0x74, 0xD5, 0x5B, 0x55, 0x5E, 0xB3, 0xD6, 0xBA, 0x77, 0x43, 0xC0, 0x7F, 
0x50, 0xEA, 0x2F, 0x2C, 0xA1, 0xA4, 0x35, 0xAD, 0x68, 0xDC, 0xFB, 0x1E, 0x41, 0x2C, 0xA2, 0x86, 
0x69, 0xBE, 0xD7, 0xED, 0xFF, 0x00, 0xD2, 0x8B, 0xC8, 0x7E, 0xB4, 0xFD, 0x75, 0xEA, 0x9F, 0x58, 
0x9C, 0x69, 0x7F, 0xEA, 0xBD, 0x35, 0xA4, 0x16, 0x61, 0x30, 0xC8, 0x24, 0x1D, 0xC2, 0xCC, 0xAB, 
0x3F, 0xED, 0x45, 0x9F, 0xF8, 0x05, 0x7F, 0x99, 0x5F, 0xE7, 0xA4, 0xA6, 0xEF, 0xF8, 0xCA, 0xFA, 
0xE5, 0x8F, 0xD6, 0xFD, 0x1E, 0x99, 0xD3, 0x49, 0x7F, 0x4F, 0xC5, 0xB0, 0xDA, 0xFB, 0xC8, 0x81, 
0x6D, 0xD0, 0x6B, 0x69, 0xA5, 0xA7, 0xDF, 0xE8, 0x53, 0x5B, 0x9F, 0xEF, 0x77, 0xF3, 0xDE, 0xA2, 
0xE1, 0x51, 0x6E, 0xB0, 0x3B, 0xDA, 0x35, 0x8E, 0x4A, 0x12, 0x4A, 0x59, 0x24, 0x92, 0x49, 0x4F, 
0xFF, 0xD3, 0xF2, 0xA4, 0x92, 0x49, 0x25, 0x29, 0x3A, 0x64, 0xE9, 0x29, 0xED, 0xFA, 0xC6, 0x67, 
0xAD, 0xFE, 0x2F, 0x7A, 0x6B, 0x7F, 0x6D, 0xDB, 0x94, 0xD6, 0xDA, 0xDA, 0x47, 0x4F, 0x76, 0x3B, 
0x58, 0xC6, 0x3E, 0x96, 0x87, 0x59, 0x48, 0xBD, 0xB5, 0xB6, 0xFF, 0x00, 0xD5, 0x2B, 0xBE, 0xBF, 
0xD2, 0x59, 0x7D, 0x95, 0xDF, 0xFF, 0x00, 0x9E, 0xB6, 0x2A, 0xE9, 0x78, 0x5D, 0x5F, 0x37, 0xEB, 
0xA7, 0x47, 0xCB, 0xCD, 0xAF, 0xA7, 0xE4, 0x5D, 0x9F, 0x5D, 0xD4, 0x3A, 0xE2, 0xD6, 0x8F, 0x63, 
0xF2, 0x1E, 0xD7, 0x16, 0x58, 0xEA, 0xFD, 0x4A, 0x9D, 0xBF, 0xFC, 0x1F, 0xD0, 0xF5, 0x2B, 0xB3, 
0xFA, 0xFC, 0x96, 0x1D, 0x35, 0xF5, 0x4F, 0xAA, 0xF5, 0xF4, 0xEA, 0x72, 0xB1, 0xE8, 0xCD, 0xC4, 
0xCC, 0xB7, 0x23, 0xD1, 0xCA, 0xB5, 0x94, 0x0B, 0x2A, 0xBA, 0xBC, 0x7A, 0x77, 0x53, 0x7E, 0x43, 
0xAB, 0xA1, 0xCF, 0xA9, 0xF4, 0x3F, 0xD4, 0xA7, 0xD4, 0xDF, 0xB1, 0x6A, 0x35, 0x9D, 0x4A, 0xDA, 
0xAB, 0x1D, 0x4A, 0x8E, 0x83, 0xD4, 0xAE, 0xA9, 0xAD, 0xAD, 0xB9, 0x59, 0x39, 0xB4, 0x8B, 0x8B, 
0x1A, 0x03, 0x2B, 0x65, 0xD6, 0xE2, 0x67, 0x63, 0x7A, 0xFE, 0x9B, 0x1B, 0xB1, 0x96, 0x5C, 0xD7, 
0xDB, 0xFF, 0x00, 0x08, 0x92, 0x93, 0x7F, 0xE3, 0x65, 0x71, 0xA8, 0x52, 0x7E, 0xB1, 0xF4, 0xEF, 
0x4D, 0xA7, 0x70, 0xAF, 0xD6, 0x3B, 0x43, 0x8F, 0xE7, 0x06, 0xFD, 0x1D, 0xCA, 0xFF, 0x00, 0xD7, 
0x6C, 0x5E, 0x9B, 0xD1, 0xFF, 0x00, 0xC5, 0xEF, 0x4F, 0xE8, 0x58, 0xD9, 0xD5, 0x66, 0x59, 0x46, 
0x5B, 0x5D, 0xB9, 0x8F, 0x61, 0x73, 0xCB, 0x86, 0x4D, 0xB7, 0x58, 0x2A, 0xAD, 0xF6, 0x6C, 0xA9, 
0x8F, 0xB9, 0xAC, 0xFF, 0x00, 0x31, 0x67, 0x52, 0xCE, 0x9D, 0xFB, 0x37, 0xAB, 0x5F, 0x7F, 0x46, 
0xE9, 0x2E, 0xC9, 0xE9, 0xC7, 0x10, 0x52, 0x68, 0xBA, 0xDB, 0x28, 0x77, 0xDA, 0xAC, 0x75, 0x6F, 
0xF5, 0x6F, 0xAF, 0x3A, 0xCA, 0xFD, 0x8C, 0x6F, 0xFA, 0x56, 0x7A, 0x7F, 0xE1, 0x13, 0x31, 0x99, 
0x58, 0xCF, 0x17, 0xE1, 0xF4, 0xFF, 0x00, 0xAB, 0x98, 0xF9, 0x2C, 0x93, 0x4D, 0xE3, 0x36, 0xBB, 
0x0B, 0x1D, 0x1E, 0xCB, 0xAB, 0xAF, 0x2B, 0xA8, 0xDD, 0x8F, 0xEA, 0x57, 0xF4, 0xEA, 0xF5, 0x69, 
0xB3, 0xDE, 0x92, 0x9D, 0x7C, 0xFB, 0xEB, 0xAB, 0xAE, 0x75, 0x07, 0xDF, 0xEB, 0x64, 0x63, 0x55, 
0xD4, 0xB0, 0xFA, 0x46, 0x1E, 0x15, 0x79, 0x36, 0xE3, 0x53, 0x45, 0x4F, 0xAD, 0xE4, 0xBA, 0xA6, 
0x61, 0xBE, 0xBF, 0x75, 0x4D, 0xC7, 0xF4, 0xEB, 0xAF, 0xF9, 0xBF, 0x7B, 0xEC, 0xB3, 0xD4, 0x5E, 
0x7F, 0xF5, 0x8A, 0x97, 0x63, 0xF5, 0xFE, 0xA5, 0x8C, 0x6D, 0xB3, 0x23, 0xD0, 0xCA, 0xBA, 0xA1, 
0x75, 0xCE, 0xDF, 0x63, 0xC5, 0x76, 0x3A, 0xA6, 0xBE, 0xEB, 0x3F, 0x3E, 0xC7, 0x35, 0xBE, 0xF5, 
0xD4, 0x75, 0x7C, 0x9E, 0x9F, 0xD2, 0xE9, 0x2F, 0xC3, 0xB9, 0xB9, 0x36, 0x5F, 0xD4, 0xF1, 0x7A, 
0x83, 0x28, 0xB3, 0x26, 0xBC, 0xAB, 0x8F, 0xD9, 0xEA, 0xB7, 0xED, 0x97, 0x66, 0xE5, 0x60, 0xBA, 
0xEA, 0x19, 0xF6, 0x9C, 0xBC, 0x8F, 0xD1, 0x7E, 0x93, 0xD6, 0x7F, 0xE9, 0x2D, 0x5C, 0x97, 0x57, 
0xCD, 0x3D, 0x43, 0xAA, 0xE6, 0xE7, 0x96, 0x0A, 0x8E, 0x5D, 0xF6, 0xDE, 0x6B, 0x07, 0x70, 0x6F, 
0xA8, 0xF7, 0x5B, 0xB3, 0x7F, 0xB7, 0x76, 0xDD, 0xC9, 0x29, 0xA8, 0xBB, 0x8F, 0xAB, 0x9F, 0xE2, 
0xFE, 0x96, 0x62, 0x0E, 0xBD, 0xF5, 0xBE, 0xDF, 0xD9, 0x9D, 0x22, 0xB3, 0xB8, 0x50, 0xF2, 0x59, 
0x6D, 0xA0, 0x7B, 0xB6, 0xB8, 0x0F, 0xD2, 0xD4, 0xCB, 0x7F, 0x32, 0xBA, 0xDB, 0xF6, 0xCB, 0xFF, 
0x00, 0xC0, 0xB2, 0xBF, 0xD1, 0xDE, 0x9B, 0xFC, 0x52, 0x74, 0xCC, 0x6C, 0xDF, 0xAC, 0x76, 0xE4, 
0xE4, 0xD3, 0xEB, 0x37, 0x02, 0x83, 0x75, 0x25, 0xC2, 0x58, 0xCB, 0x8B, 0xEB, 0xAE, 0xA7, 0x9F, 
0xF0, 0x7E, 0xAB, 0x58, 0xEB, 0x5F, 0x46, 0xFF, 0x00, 0xCF, 0xFD, 0x35, 0x7F, 0xCC, 0xAF, 0x44, 
0x3D, 0x1D, 0xCC, 0xEA, 0x6D, 0xEA, 0x7D, 0x51, 0xEE, 0xEB, 0x3D, 0x4F, 0x7B, 0xDD, 0xD3, 0xA9, 
0xDB, 0xE9, 0xE2, 0xE2, 0x30, 0x10, 0xEF, 0x51, 0xAD, 0x7F, 0xAB, 0x5E, 0x3B, 0xDB, 0xFA, 0x37, 
0x5F, 0x9D, 0x7F, 0xAB, 0x90, 0xFF, 0x00, 0x67, 0xD9, 0xAB, 0xB6, 0xD6, 0x24, 0xA7, 0x43, 0xA2, 
0x64, 0xD9, 0x93, 0x80, 0xD7, 0x8E, 0x9F, 0x67, 0x4B, 0xC7, 0xA8, 0x8A, 0xB0, 0xE8, 0xB8, 0x80, 
0xF3, 0x43, 0x18, 0xC1, 0x55, 0x8F, 0xA1, 0x9F, 0xD1, 0x3F, 0xD1, 0xB3, 0x1E, 0xC7, 0xFA, 0x9F, 
0xA3, 0xF5, 0x11, 0xF3, 0xB3, 0xF0, 0xBA, 0x6E, 0x23, 0xF3, 0x73, 0xEE, 0x6E, 0x36, 0x2D, 0x5F, 
0x4E, 0xD7, 0xF1, 0xFD, 0x56, 0xB5, 0xBE, 0xFB, 0x2C, 0x77, 0xE6, 0x55, 0x5F, 0xE9, 0x1E, 0xB8, 
0x0F, 0xAC, 0x9F, 0xE3, 0x13, 0xEC, 0x8E, 0xB3, 0x1F, 0xA3, 0x64, 0x0C, 0xDC, 0xF7, 0x82, 0xCB, 
0xBA, 0x88, 0xFE, 0x8B, 0x48, 0x9F, 0xE6, 0xBA, 0x66, 0x39, 0x2F, 0x65, 0xCF, 0xDF, 0xF4, 0xF3, 
0x6E, 0xF5, 0x7F, 0xE3, 0x2E, 0xFD, 0x1B, 0x28, 0xE2, 0x3A, 0xCF, 0xD6, 0x1E, 0xB3, 0xD6, 0xEC, 
0xAE, 0xCE, 0xAB, 0x94, 0x72, 0x3D, 0x06, 0xED, 0xA9, 0xB0, 0xD6, 0x31, 0xBF, 0xBE, 0xF6, 0xD5, 
0x50, 0x6D, 0x7E, 0xAD, 0x9F, 0xE1, 0x2D, 0xFF, 0x00, 0xBE, 0x24, 0xA7, 0x5B, 0xEB, 0xBF, 0xD7, 
0x57, 0x7D, 0x63, 0xB2, 0xAA, 0x28, 0xAB, 0xEC, 0xFD, 0x37, 0x15, 0xCE, 0x7D, 0x4D, 0x7F, 0xF3, 
0xB6, 0x3D, 0xC3, 0x67, 0xAD, 0x77, 0xE6, 0x57, 0xB5, 0x9F, 0xCD, 0xD2, 0xCF, 0xFA, 0xE5, 0x8B, 
0x91, 0xB2, 0xD2, 0xED, 0x06, 0x81, 0x2B, 0xAC, 0x0F, 0xD0, 0x70, 0x10, 0xD2, 0x52, 0x93, 0x27, 
0x4C, 0x92, 0x94, 0x92, 0x49, 0x24, 0xA7, 0xFF, 0xD4, 0xF2, 0xA4, 0x92, 0x49, 0x25, 0x29, 0x3A, 
0x4B, 0xD2, 0x7F, 0xC4, 0xCE, 0x26, 0x26, 0x4D, 0xBD, 0x59, 0xB9, 0x34, 0x55, 0x78, 0x68, 0xC6, 
0xDB, 0xEA, 0xB1, 0xAF, 0x89, 0x75, 0xC0, 0xED, 0xF5, 0x1A, 0xED, 0xA9, 0x29, 0xE0, 0x70, 0x32, 
0x2A, 0xA2, 0xEA, 0x6D, 0xB6, 0xA6, 0x5E, 0xCA, 0xAC, 0x0F, 0x75, 0x16, 0xCE, 0xC7, 0x80, 0x67, 
0xD3, 0xB3, 0x6E, 0xD7, 0x6D, 0x72, 0xE8, 0x3F, 0xE7, 0x57, 0x4D, 0x3A, 0x8F, 0xAB, 0x7D, 0x2A, 
0x3E, 0x16, 0xFF, 0x00, 0xE9, 0x45, 0xA5, 0xFE, 0x2E, 0xF1, 0xF1, 0xEE, 0xFA, 0xF7, 0xD4, 0x6B, 
0xB6, 0x9A, 0xEC, 0xA8, 0x55, 0x94, 0x5B, 0x5B, 0xD8, 0xD7, 0x34, 0x45, 0x8C, 0xDB, 0xB5, 0x8E, 
0x1B, 0x55, 0xCE, 0xA7, 0xF5, 0x12, 0xCE, 0xB5, 0xD4, 0x3A, 0xE7, 0x53, 0xC4, 0xCB, 0xC7, 0xC0, 
0xAB, 0x17, 0x3A, 0xCA, 0x4D, 0x36, 0xB3, 0x65, 0x4D, 0x65, 0x4D, 0xC7, 0x7D, 0xD7, 0xBE, 0xF6, 
0x1D, 0x94, 0xD6, 0xCA, 0xAD, 0x7D, 0x9F, 0xCD, 0x7F, 0x83, 0xFF, 0x00, 0x84, 0x49, 0x4F, 0x35, 
0x77, 0xD6, 0x56, 0xB8, 0x64, 0xD3, 0x47, 0x4C, 0xC3, 0xC5, 0xC3, 0xCD, 0x38, 0xC7, 0x2B, 0x16, 
0xB1, 0x66, 0xC7, 0x1C, 0x57, 0xBA, 0xE6, 0x43, 0xBD, 0x5D, 0xD5, 0xFD, 0xA3, 0xD4, 0xF4, 0xAF, 
0xD9, 0xFE, 0x0F, 0xE8, 0x7E, 0x97, 0xDE, 0xAC, 0x1F, 0xAD, 0x3D, 0x36, 0x7F, 0xF1, 0x35, 0xD2, 
0xFE, 0xEB, 0x7F, 0xF2, 0x6B, 0x67, 0x27, 0xFC, 0x53, 0x8A, 0xCE, 0x3E, 0x48, 0xEB, 0xD8, 0xBF, 
0xB3, 0x6F, 0x00, 0xD9, 0x9B, 0x63, 0x05, 0x60, 0x6F, 0x8F, 0xB2, 0xFD, 0x98, 0x7A, 0xCF, 0xA7, 
0x2B, 0xED, 0x0E, 0x3E, 0xCF, 0xD6, 0x29, 0x59, 0xFD, 0x5B, 0xFC, 0x5D, 0xF5, 0x9C, 0x2E, 0xBF, 
0x89, 0xD1, 0xB1, 0x2D, 0x66, 0x60, 0xCE, 0x63, 0xAC, 0xAB, 0x29, 0xCD, 0x35, 0x35, 0xAD, 0xAF, 
0xFA, 0x49, 0xC9, 0x64, 0xDD, 0xE9, 0x7A, 0x1F, 0xC8, 0xDF, 0xEA, 0x7E, 0x8F, 0x67, 0xE9, 0x3F, 
0x46, 0x92, 0x9E, 0x7B, 0xAD, 0x75, 0x2A, 0x73, 0x6F, 0xAE, 0xEC, 0x7C, 0x1C, 0x7E, 0x9C, 0xD6, 
0xB7, 0x61, 0xA7, 0x14, 0x38, 0x35, 0xC4, 0x12, 0xEF, 0x51, 0xFE, 0xA3, 0x9D, 0xEF, 0xF7, 0x6D, 
0x59, 0x6E, 0x32, 0x49, 0xF1, 0x5D, 0xEB, 0xBF, 0xC5, 0xAE, 0x26, 0x65, 0xF9, 0x78, 0x1D, 0x2B, 
0xAF, 0xD1, 0x9B, 0xD6, 0x30, 0x04, 0xDD, 0x82, 0x69, 0x35, 0x09, 0x9D, 0xAF, 0x63, 0x72, 0x3D, 
0x4B, 0x1A, 0xED, 0x8F, 0xFD, 0x13, 0xFD, 0x9F, 0xA2, 0xBB, 0xF4, 0x77, 0xFA, 0x0B, 0x5B, 0x0B, 
0xA0, 0xBB, 0xA8, 0x7F, 0x8A, 0x7C, 0x7C, 0x6C, 0x4C, 0x26, 0x59, 0xD5, 0x6F, 0xB7, 0xD2, 0x63, 
0xBD, 0x36, 0xFA, 0xA0, 0x8C, 0xD7, 0x8B, 0x37, 0xDA, 0x5B, 0xBE, 0xA6, 0x57, 0x5B, 0x7F, 0x4A, 
0xF7, 0xBB, 0xF4, 0x75, 0x24, 0xA7, 0x1B, 0x17, 0xEB, 0xF8, 0xE9, 0x3F, 0x57, 0xF1, 0x7A, 0x57, 
0xD5, 0xBC, 0x31, 0x83, 0x70, 0x60, 0x76, 0x66, 0x65, 0xDB, 0x6D, 0x73, 0xAE, 0x3F, 0xCE, 0x5D, 
0x4D, 0x67, 0xD8, 0xF7, 0x3F, 0x6B, 0x7F, 0x49, 0x91, 0xFC, 0xDD, 0x7F, 0xA0, 0xAE, 0x85, 0x43, 
0xAB, 0x7D, 0x79, 0xFA, 0xCB, 0xD5, 0xF0, 0xBE, 0xC1, 0x99, 0x94, 0xD1, 0x8E, 0xE1, 0x17, 0x36, 
0x9A, 0xDB, 0x51, 0xB7, 0xFE, 0x3D, 0xCC, 0xFA, 0x4D, 0xFF, 0x00, 0x83, 0x67, 0xA7, 0x52, 0x3F, 
0x52, 0xFA, 0x89, 0x6E, 0x27, 0x56, 0xC3, 0xFA, 0xBF, 0x85, 0xD4, 0xAA, 0xCE, 0xEB, 0x19, 0x30, 
0x6D, 0xC7, 0x6B, 0x0B, 0x2B, 0xA2, 0xBD, 0x9E, 0xAB, 0xEE, 0xC9, 0xC9, 0x73, 0xDD, 0xF9, 0x8D, 
0xF5, 0x1B, 0x57, 0xA3, 0xEB, 0x3E, 0x8F, 0xD2, 0xEC, 0xFD, 0x2D, 0x15, 0xDD, 0xA5, 0x67, 0xF8, 
0xAE, 0xAE, 0xE7, 0xE4, 0xE0, 0x60, 0x75, 0xEA, 0x72, 0x7A, 0xBE, 0x23, 0x1A, 0xFB, 0xB0, 0x4D, 
0x26, 0xB8, 0xDF, 0x1B, 0x5A, 0x6E, 0xF5, 0x6C, 0x73, 0x79, 0xFF, 0x00, 0x45, 0xFE, 0x8F, 0xD5, 
0xF4, 0x92, 0x53, 0xC1, 0x59, 0x70, 0x6F, 0xB5, 0xBC, 0xF0, 0x84, 0xEB, 0x1C, 0xEE, 0x57, 0xA8, 
0x55, 0xD3, 0x71, 0xAA, 0xFF, 0x00, 0x13, 0xF6, 0x5B, 0x76, 0x2D, 0x6D, 0xCD, 0xAD, 0x97, 0x35, 
0xF6, 0x3A, 0xB6, 0xFA, 0xAD, 0x73, 0x73, 0x4D, 0x65, 0xAE, 0xB0, 0xB7, 0xD4, 0xF6, 0xFD, 0x05, 
0xE7, 0x3D, 0x23, 0xA6, 0xBB, 0xAA, 0x75, 0x1A, 0x70, 0x45, 0xF4, 0xE2, 0xFA, 0xA4, 0xEE, 0xC8, 
0xC8, 0x78, 0xAE, 0xB6, 0x06, 0x82, 0xF7, 0x39, 0xEF, 0x77, 0xF5, 0x7D, 0xA9, 0x29, 0xA6, 0x92, 
0xEF, 0xB1, 0xBF, 0xC5, 0x9F, 0x4A, 0xEA, 0x37, 0xE5, 0x61, 0x74, 0x8F, 0xAC, 0x75, 0x66, 0xE7, 
0xE2, 0x34, 0x3A, 0xCA, 0xDB, 0x8E, 0xE1, 0x4C, 0xBB, 0xE8, 0x34, 0xE6, 0x57, 0x6D, 0xD5, 0x7D, 
0x27, 0x6C, 0x77, 0xA3, 0xEB, 0x7A, 0x7F, 0xE8, 0xD6, 0xA7, 0xD5, 0x5E, 0x87, 0x4E, 0x7F, 0xF8, 
0xB8, 0xCD, 0xC7, 0xB1, 0x98, 0xF4, 0x64, 0x9B, 0x6F, 0x61, 0xCB, 0xC8, 0x6B, 0x40, 0xA9, 0xAC, 
0x75, 0x2E, 0xB5, 0xF6, 0x5F, 0xB5, 0xCF, 0x63, 0x6B, 0x63, 0x6C, 0x49, 0x4F, 0x96, 0xA6, 0x5D, 
0x6F, 0xD6, 0xBF, 0xA8, 0x2F, 0xE8, 0x3D, 0x36, 0x8E, 0xAD, 0x87, 0x9E, 0xCE, 0xA9, 0xD3, 0xEE, 
0x2D, 0x69, 0xBA, 0xB6, 0x6C, 0x82, 0xF0, 0xE7, 0x54, 0xF6, 0xED, 0xB3, 0x21, 0x96, 0x53, 0x66, 
0xCF, 0xE7, 0x3D, 0x4F, 0xA6, 0xB9, 0x24, 0x94, 0xA4, 0x92, 0x49, 0x25, 0x3F, 0xFF, 0xD5, 0xF2, 
0xA4, 0x92, 0x49, 0x25, 0x2E, 0xBA, 0xFF, 0x00, 0xF1, 0x6D, 0xF5, 0xA7, 0x1B, 0xEA, 0xEF, 0x53, 
0xBF, 0xED, 0xD2, 0xDC, 0x1C, 0xC6, 0x35, 0x96, 0xD8, 0xC6, 0x97, 0x3A, 0xB7, 0xB1, 0xDB, 0xE9, 
0xBB, 0x63, 0x7D, 0xEF, 0xAB, 0xDD, 0x63, 0x6C, 0x6B, 0x3D, 0xEB, 0x90, 0x44, 0xA5, 0xE1, 0xAE, 
0x33, 0xDD, 0x25, 0x3E, 0xB1, 0xD3, 0xFA, 0xA7, 0xF8, 0xB1, 0xE8, 0x39, 0xF9, 0x9D, 0x73, 0x07, 
0x39, 0xF7, 0x65, 0x66, 0x35, 0xDF, 0xA0, 0x63, 0x6C, 0x7E, 0xD0, 0xF3, 0xEA, 0xDB, 0x56, 0x35, 
0x4E, 0xA6, 0xAF, 0x4B, 0xD6, 0x73, 0x7F, 0xED, 0x55, 0xDF, 0xA3, 0x59, 0x75, 0xFD, 0x72, 0xE8, 
0xD9, 0x1F, 0x55, 0x7E, 0xB1, 0x51, 0x95, 0x77, 0xA1, 0xD4, 0x7A, 0xAE, 0x46, 0x55, 0xF4, 0xE2, 
0x16, 0x3D, 0xE6, 0x2D, 0x14, 0x8A, 0x19, 0xEB, 0xD7, 0x5F, 0xA1, 0xF4, 0x69, 0xD9, 0xF4, 0xD7, 
0x02, 0x6C, 0x6C, 0x49, 0x2A, 0x1E, 0xA0, 0x35, 0xBB, 0x58, 0x3A, 0xC0, 0x49, 0x4F, 0x6B, 0xF5, 
0x83, 0xEB, 0x0F, 0x44, 0xCE, 0xFF, 0x00, 0x17, 0xDD, 0x27, 0xA3, 0x63, 0x64, 0x7A, 0x9D, 0x43, 
0x15, 0xD4, 0x3A, 0xFA, 0x36, 0x58, 0x36, 0x86, 0x32, 0xF6, 0xD9, 0xFA, 0x47, 0xB1, 0xB5, 0x3B, 
0x6B, 0xAD, 0x6F, 0xD0, 0xB1, 0x74, 0x5D, 0x5F, 0xFC, 0x63, 0x7D, 0x5E, 0x6F, 0xD6, 0x5E, 0x99, 
0x9F, 0x83, 0x73, 0xB3, 0x30, 0xD9, 0x46, 0x4E, 0x36, 0x63, 0x99, 0x5D, 0x8D, 0x75, 0x62, 0xE7, 
0x52, 0xFA, 0xEC, 0x6B, 0x2F, 0x6D, 0x3E, 0xA7, 0xBE, 0x9F, 0x76, 0xCF, 0xF0, 0x6B, 0xCA, 0x0D, 
0xB1, 0x5B, 0x60, 0xEB, 0xA6, 0x89, 0xCD, 0xA0, 0x38, 0x09, 0x90, 0x79, 0x49, 0x4F, 0xAB, 0x64, 
0xFD, 0x70, 0xE9, 0x15, 0x64, 0x64, 0xE7, 0xD5, 0xF5, 0xB2, 0xD7, 0x63, 0xD9, 0x2E, 0xC6, 0xC1, 
0xC5, 0xC0, 0xA7, 0xD7, 0x6C, 0x9D, 0xFE, 0x8F, 0xDA, 0x32, 0xB1, 0x7D, 0xFF, 0x00, 0xC8, 0xFB, 
0x47, 0xA3, 0xFF, 0x00, 0x0B, 0x6A, 0xA3, 0xD3, 0xFF, 0x00, 0xC6, 0x0E, 0x1F, 0x4F, 0xFA, 0x90, 
0x2B, 0xC7, 0xC9, 0x63, 0xBE, 0xB1, 0x87, 0xDB, 0x67, 0xD9, 0xAD, 0xA9, 0xE5, 0xBB, 0xAF, 0xCA, 
0x7D, 0xD6, 0x39, 0xCE, 0xAE, 0xBA, 0xB1, 0x3F, 0xA3, 0x5B, 0xEA, 0xFB, 0x5F, 0xE9, 0xFF, 0x00, 
0x23, 0xFC, 0x1A, 0xF3, 0x93, 0x63, 0x63, 0x95, 0x0F, 0x5A, 0x2A, 0x06, 0x7D, 0xDE, 0x09, 0x29, 
0xF4, 0xEC, 0xEF, 0xAE, 0x5F, 0x54, 0x9D, 0xD6, 0x7A, 0x77, 0xD6, 0x8C, 0x4B, 0x08, 0xCF, 0x6D, 
0x7F, 0x67, 0xEA, 0x58, 0x02, 0xBB, 0x05, 0xA6, 0x9B, 0x1B, 0xB3, 0x73, 0x2F, 0x75, 0x6D, 0xC7, 
0xB7, 0x27, 0x01, 0xFF, 0x00, 0xCA, 0xFD, 0x6B, 0x1F, 0xFC, 0x2F, 0xE8, 0xD8, 0x8B, 0x85, 0xD7, 
0x3E, 0xA1, 0x74, 0x5E, 0xBB, 0xD4, 0xBE, 0xB4, 0x63, 0x75, 0x5B, 0x33, 0x32, 0x3A, 0x83, 0x4E, 
0xCC, 0x16, 0x55, 0x66, 0xE0, 0xE7, 0xB9, 0xB7, 0xE4, 0x0D, 0xD6, 0xB1, 0x9F, 0xCE, 0xDB, 0x53, 
0x3D, 0x2F, 0x5B, 0xD0, 0x65, 0x1F, 0xF0, 0xAB, 0xCB, 0x8D, 0xA3, 0x42, 0x0E, 0x87, 0x90, 0x9C, 
0xD8, 0xD0, 0x26, 0x74, 0x49, 0x4F, 0xA7, 0x74, 0x9F, 0xAD, 0xFF, 0x00, 0x53, 0xB3, 0x7E, 0xA9, 
0xFE, 0xCB, 0xFA, 0xC3, 0x99, 0xE8, 0x5B, 0x97, 0x66, 0x45, 0x99, 0x98, 0xF5, 0xD7, 0x7C, 0xB4, 
0xDB, 0x93, 0x66, 0x6B, 0x03, 0x2E, 0xA6, 0xAB, 0x1B, 0xFE, 0x8D, 0x67, 0x30, 0xFF, 0x00, 0x8A, 
0x5C, 0x2E, 0xA9, 0x83, 0x7E, 0x2B, 0xDD, 0x95, 0x48, 0x75, 0x83, 0x25, 0xB7, 0x32, 0xFB, 0x2B, 
0x64, 0xB3, 0xF4, 0x17, 0x5B, 0x4D, 0xF4, 0x37, 0xD6, 0xAD, 0xB6, 0xFB, 0x36, 0x7F, 0x2D, 0x70, 
0x2C, 0xB0, 0x16, 0x09, 0x30, 0x7C, 0x12, 0x36, 0x36, 0x46, 0xBC, 0xA4, 0xA7, 0xD7, 0x30, 0x7E, 
0xBA, 0xFD, 0x58, 0xC1, 0xEB, 0x37, 0x3E, 0xCE, 0xBB, 0xEA, 0x74, 0xD2, 0xC8, 0xC3, 0xC2, 0xA3, 
0x0D, 0xD5, 0x63, 0x63, 0x80, 0xEA, 0xDD, 0xB7, 0x7D, 0x35, 0x7A, 0x99, 0x19, 0x2E, 0xF7, 0x7A, 
0x6F, 0xF4, 0xF6, 0x7A, 0x7E, 0xB6, 0xFF, 0x00, 0xF0, 0x75, 0xAC, 0x6E, 0x8B, 0xF5, 0x8F, 0xEA, 
0x8B, 0x7E, 0xAA, 0x67, 0xF4, 0x5E, 0xAB, 0x9A, 0xF6, 0xFD, 0xB3, 0x26, 0xFD, 0x29, 0xAA, 0xC7, 
0x3B, 0xD3, 0xB6, 0xCA, 0xFD, 0x2C, 0x9A, 0xDD, 0xE9, 0xFA, 0x7B, 0x59, 0xB3, 0xD7, 0xD8, 0xFF, 
0x00, 0x7F, 0xA5, 0xFE, 0x0B, 0xF3, 0x17, 0x9E, 0xFA, 0x8D, 0x98, 0x95, 0x16, 0xD8, 0xDD, 0xBA, 
0x9E, 0xE9, 0x29, 0xEE, 0xFE, 0xB6, 0x7D, 0x60, 0xFA, 0xB9, 0x89, 0xF5, 0x33, 0x1F, 0xEA, 0xB7, 
0x40, 0xCA, 0x39, 0xED, 0x0E, 0x69, 0xB6, 0xE2, 0xD7, 0x00, 0xD6, 0x35, 0xEF, 0xCA, 0x79, 0x73, 
0xDE, 0xDA, 0xFF, 0x00, 0x4B, 0x76, 0x4D, 0x9E, 0xCA, 0xAB, 0xDF, 0xE9, 0xD4, 0xBC, 0xF1, 0x1A, 
0xE7, 0x82, 0xDD, 0xA0, 0xCC, 0xA0, 0xA4, 0xA5, 0x92, 0x49, 0x24, 0x94, 0xFF, 0x00, 0xFF, 0xD6, 
0xF2, 0xA4, 0x92, 0x49, 0x25, 0x29, 0x3A, 0x64, 0x92, 0x52, 0xE9, 0x26, 0x4E, 0x92, 0x94, 0x92, 
0x49, 0x24, 0xA5, 0x24, 0x92, 0x64, 0x94, 0xBA, 0x49, 0x24, 0x92, 0x94, 0x92, 0x49, 0x24, 0xA5, 
0x24, 0x92, 0x64, 0x94, 0xBA, 0x49, 0x92, 0x49, 0x4A, 0x49, 0x24, 0x92, 0x53, 0xFF, 0xD7, 0xF2, 
0xA4, 0x92, 0x49, 0x25, 0x29, 0x24, 0x92, 0x49, 0x4A, 0x49, 0x24, 0x92, 0x52, 0x92, 0x49, 0x24, 
0x94, 0xA4, 0x92, 0x49, 0x25, 0x29, 0x24, 0x92, 0x49, 0x4A, 0x49, 0x24, 0x92, 0x52, 0x92, 0x49, 
0x24, 0x94, 0xA4, 0x92, 0x49, 0x25, 0x29, 0x24, 0x92, 0x49, 0x4F, 0xFF, 0xD9, 0xFF, 0xED, 0x18, 
0xE8, 0x50, 0x68, 0x6F, 0x74, 0x6F, 0x73, 0x68, 0x6F, 0x70, 0x20, 0x33, 0x2E, 0x30, 0x00, 0x38, 
0x42, 0x49, 0x4D, 0x04, 0x25, 0x00, 0x00, 0x00, 0x00, 0x00, 0x10, 0x00, 0x00, 0x00, 0x00, 0x00, 
0x00, 0x00, 0x00, 0x00, 0x00, 0x00, 0x00, 0x00, 0x00, 0x00, 0x00, 0x38, 0x42, 0x49, 0x4D, 0x04, 
0x3A, 0x00, 0x00, 0x00, 0x00, 0x00, 0xD7, 0x00, 0x00, 0x00, 0x10, 0x00, 0x00, 0x00, 0x01, 0x00, 
0x00, 0x00, 0x00, 0x00, 0x0B, 0x70, 0x72, 0x69, 0x6E, 0x74, 0x4F, 0x75, 0x74, 0x70, 0x75, 0x74, 
0x00, 0x00, 0x00, 0x05, 0x00, 0x00, 0x00, 0x00, 0x50, 0x73, 0x74, 0x53, 0x62, 0x6F, 0x6F, 0x6C, 
0x01, 0x00, 0x00, 0x00, 0x00, 0x49, 0x6E, 0x74, 0x65, 0x65, 0x6E, 0x75, 0x6D, 0x00, 0x00, 0x00, 
0x00, 0x49, 0x6E, 0x74, 0x65, 0x00, 0x00, 0x00, 0x00, 0x49, 0x6D, 0x67, 0x20, 0x00, 0x00, 0x00, 
0x0F, 0x70, 0x72, 0x69, 0x6E, 0x74, 0x53, 0x69, 0x78, 0x74, 0x65, 0x65, 0x6E, 0x42, 0x69, 0x74, 
0x62, 0x6F, 0x6F, 0x6C, 0x00, 0x00, 0x00, 0x00, 0x0B, 0x70, 0x72, 0x69, 0x6E, 0x74, 0x65, 0x72, 
0x4E, 0x61, 0x6D, 0x65, 0x54, 0x45, 0x58, 0x54, 0x00, 0x00, 0x00, 0x01, 0x00, 0x00, 0x00, 0x00, 
0x00, 0x0F, 0x70, 0x72, 0x69, 0x6E, 0x74, 0x50, 0x72, 0x6F, 0x6F, 0x66, 0x53, 0x65, 0x74, 0x75, 
0x70, 0x4F, 0x62, 0x6A, 0x63, 0x00, 0x00, 0x00, 0x05, 0x68, 0x21, 0x68, 0x37, 0x8B, 0xBE, 0x7F, 
0x6E, 0x00, 0x00, 0x00, 0x00, 0x00, 0x0A, 0x70, 0x72, 0x6F, 0x6F, 0x66, 0x53, 0x65, 0x74, 0x75, 
0x70, 0x00, 0x00, 0x00, 0x01, 0x00, 0x00, 0x00, 0x00, 0x42, 0x6C, 0x74, 0x6E, 0x65, 0x6E, 0x75, 
0x6D, 0x00, 0x00, 0x00, 0x0C, 0x62, 0x75, 0x69, 0x6C, 0x74, 0x69, 0x6E, 0x50, 0x72, 0x6F, 0x6F, 
0x66, 0x00, 0x00, 0x00, 0x09, 0x70, 0x72, 0x6F, 0x6F, 0x66, 0x43, 0x4D, 0x59, 0x4B, 0x00, 0x38, 
0x42, 0x49, 0x4D, 0x04, 0x3B, 0x00, 0x00, 0x00, 0x00, 0x02, 0x2D, 0x00, 0x00, 0x00, 0x10, 0x00, 
0x00, 0x00, 0x01, 0x00, 0x00, 0x00, 0x00, 0x00, 0x12, 0x70, 0x72, 0x69, 0x6E, 0x74, 0x4F, 0x75, 
0x74, 0x70, 0x75, 0x74, 0x4F, 0x70, 0x74, 0x69, 0x6F, 0x6E, 0x73, 0x00, 0x00, 0x00, 0x17, 0x00, 
0x00, 0x00, 0x00, 0x43, 0x70, 0x74, 0x6E, 0x62, 0x6F, 0x6F, 0x6C, 0x00, 0x00, 0x00, 0x00, 0x00, 
0x43, 0x6C, 0x62, 0x72, 0x62, 0x6F, 0x6F, 0x6C, 0x00, 0x00, 0x00, 0x00, 0x00, 0x52, 0x67, 0x73, 
0x4D, 0x62, 0x6F, 0x6F, 0x6C, 0x00, 0x00, 0x00, 0x00, 0x00, 0x43, 0x72, 0x6E, 0x43, 0x62, 0x6F, 
0x6F, 0x6C, 0x00, 0x00, 0x00, 0x00, 0x00, 0x43, 0x6E, 0x74, 0x43, 0x62, 0x6F, 0x6F, 0x6C, 0x00, 
0x00, 0x00, 0x00, 0x00, 0x4C, 0x62, 0x6C, 0x73, 0x62, 0x6F, 0x6F, 0x6C, 0x00, 0x00, 0x00, 0x00, 
0x00, 0x4E, 0x67, 0x74, 0x76, 0x62, 0x6F, 0x6F, 0x6C, 0x00, 0x00, 0x00, 0x00, 0x00, 0x45, 0x6D, 
0x6C, 0x44, 0x62, 0x6F, 0x6F, 0x6C, 0x00, 0x00, 0x00, 0x00, 0x00, 0x49, 0x6E, 0x74, 0x72, 0x62, 
0x6F, 0x6F, 0x6C, 0x00, 0x00, 0x00, 0x00, 0x00, 0x42, 0x63, 0x6B, 0x67, 0x4F, 0x62, 0x6A, 0x63, 
0x00, 0x00, 0x00, 0x01, 0x00, 0x00, 0x00, 0x00, 0x00, 0x00, 0x52, 0x47, 0x42, 0x43, 0x00, 0x00, 
0x00, 0x03, 0x00, 0x00, 0x00, 0x00, 0x52, 0x64, 0x20, 0x20, 0x64, 0x6F, 0x75, 0x62, 0x40, 0x6F, 
0xE0, 0x00, 0x00, 0x00, 0x00, 0x00, 0x00, 0x00, 0x00, 0x00, 0x47, 0x72, 0x6E, 0x20, 0x64, 0x6F, 
0x75, 0x62, 0x40, 0x6F, 0xE0, 0x00, 0x00, 0x00, 0x00, 0x00, 0x00, 0x00, 0x00, 0x00, 0x42, 0x6C, 
0x20, 0x20, 0x64, 0x6F, 0x75, 0x62, 0x40, 0x6F, 0xE0, 0x00, 0x00, 0x00, 0x00, 0x00, 0x00, 0x00, 
0x00, 0x00, 0x42, 0x72, 0x64, 0x54, 0x55, 0x6E, 0x74, 0x46, 0x23, 0x52, 0x6C, 0x74, 0x00, 0x00, 
0x00, 0x00, 0x00, 0x00, 0x00, 0x00, 0x00, 0x00, 0x00, 0x00, 0x42, 0x6C, 0x64, 0x20, 0x55, 0x6E, 
0x74, 0x46, 0x23, 0x52, 0x6C, 0x74, 0x00, 0x00, 0x00, 0x00, 0x00, 0x00, 0x00, 0x00, 0x00, 0x00, 
0x00, 0x00, 0x52, 0x73, 0x6C, 0x74, 0x55, 0x6E, 0x74, 0x46, 0x23, 0x50, 0x78, 0x6C, 0x40, 0x52, 
0x00, 0x00, 0x00, 0x00, 0x00, 0x00, 0x00, 0x00, 0x00, 0x0A, 0x76, 0x65, 0x63, 0x74, 0x6F, 0x72, 
0x44, 0x61, 0x74, 0x61, 0x62, 0x6F, 0x6F, 0x6C, 0x01, 0x00, 0x00, 0x00, 0x00, 0x50, 0x67, 0x50, 
0x73, 0x65, 0x6E, 0x75, 0x6D, 0x00, 0x00, 0x00, 0x00, 0x50, 0x67, 0x50, 0x73, 0x00, 0x00, 0x00, 
0x00, 0x50, 0x67, 0x50, 0x43, 0x00, 0x00, 0x00, 0x00, 0x4C, 0x65, 0x66, 0x74, 0x55, 0x6E, 0x74, 
0x46, 0x23, 0x52, 0x6C, 0x74, 0x00, 0x00, 0x00, 0x00, 0x00, 0x00, 0x00, 0x00, 0x00, 0x00, 0x00, 
0x00, 0x54, 0x6F, 0x70, 0x20, 0x55, 0x6E, 0x74, 0x46, 0x23, 0x52, 0x6C, 0x74, 0x00, 0x00, 0x00, 
0x00, 0x00, 0x00, 0x00, 0x00, 0x00, 0x00, 0x00, 0x00, 0x53, 0x63, 0x6C, 0x20, 0x55, 0x6E, 0x74, 
0x46, 0x23, 0x50, 0x72, 0x63, 0x40, 0x59, 0x00, 0x00, 0x00, 0x00, 0x00, 0x00, 0x00, 0x00, 0x00, 
0x10, 0x63, 0x72, 0x6F, 0x70, 0x57, 0x68, 0x65, 0x6E, 0x50, 0x72, 0x69, 0x6E, 0x74, 0x69, 0x6E, 
0x67, 0x62, 0x6F, 0x6F, 0x6C, 0x00, 0x00, 0x00, 0x00, 0x0E, 0x63, 0x72, 0x6F, 0x70, 0x52, 0x65, 
0x63, 0x74, 0x42, 0x6F, 0x74, 0x74, 0x6F, 0x6D, 0x6C, 0x6F, 0x6E, 0x67, 0x00, 0x00, 0x00, 0x00, 
0x00, 0x00, 0x00, 0x0C, 0x63, 0x72, 0x6F, 0x70, 0x52, 0x65, 0x63, 0x74, 0x4C, 0x65, 0x66, 0x74, 
0x6C, 0x6F, 0x6E, 0x67, 0x00, 0x00, 0x00, 0x00, 0x00, 0x00, 0x00, 0x0D, 0x63, 0x72, 0x6F, 0x70, 
0x52, 0x65, 0x63, 0x74, 0x52, 0x69, 0x67, 0x68, 0x74, 0x6C, 0x6F, 0x6E, 0x67, 0x00, 0x00, 0x00, 
0x00, 0x00, 0x00, 0x00, 0x0B, 0x63, 0x72, 0x6F, 0x70, 0x52, 0x65, 0x63, 0x74, 0x54, 0x6F, 0x70, 
0x6C, 0x6F, 0x6E, 0x67, 0x00, 0x00, 0x00, 0x00, 0x00, 0x38, 0x42, 0x49, 0x4D, 0x03, 0xED, 0x00, 
0x00, 0x00, 0x00, 0x00, 0x10, 0x00, 0x48, 0x00, 0x00, 0x00, 0x01, 0x00, 0x01, 0x00, 0x48, 0x00, 
0x00, 0x00, 0x01, 0x00, 0x01, 0x38, 0x42, 0x49, 0x4D, 0x04, 0x26, 0x00, 0x00, 0x00, 0x00, 0x00, 
0x0E, 0x00, 0x00, 0x00, 0x00, 0x00, 0x00, 0x00, 0x00, 0x00, 0x00, 0x3F, 0x80, 0x00, 0x00, 0x38, 
0x42, 0x49, 0x4D, 0x04, 0x0D, 0x00, 0x00, 0x00, 0x00, 0x00, 0x04, 0x00, 0x00, 0x00, 0x5A, 0x38, 
0x42, 0x49, 0x4D, 0x04, 0x19, 0x00, 0x00, 0x00, 0x00, 0x00, 0x04, 0x00, 0x00, 0x00, 0x1E, 0x38, 
0x42, 0x49, 0x4D, 0x03, 0xF3, 0x00, 0x00, 0x00, 0x00, 0x00, 0x09, 0x00, 0x00, 0x00, 0x00, 0x00, 
0x00, 0x00, 0x00, 0x01, 0x00, 0x38, 0x42, 0x49, 0x4D, 0x27, 0x10, 0x00, 0x00, 0x00, 0x00, 0x00, 
0x0A, 0x00, 0x01, 0x00, 0x00, 0x00, 0x00, 0x00, 0x00, 0x00, 0x01, 0x38, 0x42, 0x49, 0x4D, 0x03, 
0xF5, 0x00, 0x00, 0x00, 0x00, 0x00, 0x48, 0x00, 0x2F, 0x66, 0x66, 0x00, 0x01, 0x00, 0x6C, 0x66, 
0x66, 0x00, 0x06, 0x00, 0x00, 0x00, 0x00, 0x00, 0x01, 0x00, 0x2F, 0x66, 0x66, 0x00, 0x01, 0x00, 
0xA1, 0x99, 0x9A, 0x00, 0x06, 0x00, 0x00, 0x00, 0x00, 0x00, 0x01, 0x00, 0x32, 0x00, 0x00, 0x00, 
0x01, 0x00, 0x5A, 0x00, 0x00, 0x00, 0x06, 0x00, 0x00, 0x00, 0x00, 0x00, 0x01, 0x00, 0x35, 0x00, 
0x00, 0x00, 0x01, 0x00, 0x2D, 0x00, 0x00, 0x00, 0x06, 0x00, 0x00, 0x00, 0x00, 0x00, 0x01, 0x38, 
0x42, 0x49, 0x4D, 0x03, 0xF8, 0x00, 0x00, 0x00, 0x00, 0x00, 0x70, 0x00, 0x00, 0xFF, 0xFF, 0xFF, 
0xFF, 0xFF, 0xFF, 0xFF, 0xFF, 0xFF, 0xFF, 0xFF, 0xFF, 0xFF, 0xFF, 0xFF, 0xFF, 0xFF, 0xFF, 0xFF, 
0xFF, 0xFF, 0xFF, 0x03, 0xE8, 0x00, 0x00, 0x00, 0x00, 0xFF, 0xFF, 0xFF, 0xFF, 0xFF, 0xFF, 0xFF, 
0xFF, 0xFF, 0xFF, 0xFF, 0xFF, 0xFF, 0xFF, 0xFF, 0xFF, 0xFF, 0xFF, 0xFF, 0xFF, 0xFF, 0xFF, 0x03, 
0xE8, 0x00, 0x00, 0x00, 0x00, 0xFF, 0xFF, 0xFF, 0xFF, 0xFF, 0xFF, 0xFF, 0xFF, 0xFF, 0xFF, 0xFF, 
0xFF, 0xFF, 0xFF, 0xFF, 0xFF, 0xFF, 0xFF, 0xFF, 0xFF, 0xFF, 0xFF, 0x03, 0xE8, 0x00, 0x00, 0x00, 
0x00, 0xFF, 0xFF, 0xFF, 0xFF, 0xFF, 0xFF, 0xFF, 0xFF, 0xFF, 0xFF, 0xFF, 0xFF, 0xFF, 0xFF, 0xFF, 
0xFF, 0xFF, 0xFF, 0xFF, 0xFF, 0xFF, 0xFF, 0x03, 0xE8, 0x00, 0x00, 0x38, 0x42, 0x49, 0x4D, 0x04, 
0x00, 0x00, 0x00, 0x00, 0x00, 0x00, 0x02, 0x00, 0x01, 0x38, 0x42, 0x49, 0x4D, 0x04, 0x02, 0x00, 
0x00, 0x00, 0x00, 0x00, 0x04, 0x00, 0x00, 0x00, 0x00, 0x38, 0x42, 0x49, 0x4D, 0x04, 0x30, 0x00, 
0x00, 0x00, 0x00, 0x00, 0x02, 0x01, 0x01, 0x38, 0x42, 0x49, 0x4D, 0x04, 0x2D, 0x00, 0x00, 0x00, 
0x00, 0x00, 0x06, 0x00, 0x01, 0x00, 0x00, 0x00, 0x03, 0x38, 0x42, 0x49, 0x4D, 0x04, 0x08, 0x00, 
0x00, 0x00, 0x00, 0x00, 0x10, 0x00, 0x00, 0x00, 0x01, 0x00, 0x00, 0x02, 0x40, 0x00, 0x00, 0x02, 
0x40, 0x00, 0x00, 0x00, 0x00, 0x38, 0x42, 0x49, 0x4D, 0x04, 0x1E, 0x00, 0x00, 0x00, 0x00, 0x00, 
0x04, 0x00, 0x00, 0x00, 0x00, 0x38, 0x42, 0x49, 0x4D, 0x04, 0x1A, 0x00, 0x00, 0x00, 0x00, 0x03, 
0x3F, 0x00, 0x00, 0x00, 0x06, 0x00, 0x00, 0x00, 0x00, 0x00, 0x00, 0x00, 0x00, 0x00, 0x00, 0x00, 
0xF0, 0x00, 0x00, 0x01, 0x18, 0x00, 0x00, 0x00, 0x05, 0x67, 0x2A, 0x68, 0x07, 0x98, 0x98, 0x00, 
0x2D, 0x00, 0x31, 0x00, 0x00, 0x00, 0x01, 0x00, 0x00, 0x00, 0x00, 0x00, 0x00, 0x00, 0x00, 0x00, 
0x00, 0x00, 0x00, 0x00, 0x00, 0x00, 0x00, 0x00, 0x00, 0x00, 0x01, 0x00, 0x00, 0x00, 0x00, 0x00, 
0x00, 0x00, 0x00, 0x00, 0x00, 0x01, 0x18, 0x00, 0x00, 0x00, 0xF0, 0x00, 0x00, 0x00, 0x00, 0x00, 
0x00, 0x00, 0x00, 0x00, 0x00, 0x00, 0x00, 0x00, 0x00, 0x00, 0x00, 0x01, 0x00, 0x00, 0x00, 0x00, 
0x00, 0x00, 0x00, 0x00, 0x00, 0x00, 0x00, 0x00, 0x00, 0x00, 0x00, 0x00, 0x00, 0x00, 0x00, 0x10, 
0x00, 0x00, 0x00, 0x01, 0x00, 0x00, 0x00, 0x00, 0x00, 0x00, 0x6E, 0x75, 0x6C, 0x6C, 0x00, 0x00, 
0x00, 0x02, 0x00, 0x00, 0x00, 0x06, 0x62, 0x6F, 0x75, 0x6E, 0x64, 0x73, 0x4F, 0x62, 0x6A, 0x63, 
0x00, 0x00, 0x00, 0x01, 0x00, 0x00, 0x00, 0x00, 0x00, 0x00, 0x52, 0x63, 0x74, 0x31, 0x00, 0x00, 
0x00, 0x04, 0x00, 0x00, 0x00, 0x00, 0x54, 0x6F, 0x70, 0x20, 0x6C, 0x6F, 0x6E, 0x67, 0x00, 0x00, 
0x00, 0x00, 0x00, 0x00, 0x00, 0x00, 0x4C, 0x65, 0x66, 0x74, 0x6C, 0x6F, 0x6E, 0x67, 0x00, 0x00, 
0x00, 0x00, 0x00, 0x00, 0x00, 0x00, 0x42, 0x74, 0x6F, 0x6D, 0x6C, 0x6F, 0x6E, 0x67, 0x00, 0x00, 
0x00, 0xF0, 0x00, 0x00, 0x00, 0x00, 0x52, 0x67, 0x68, 0x74, 0x6C, 0x6F, 0x6E, 0x67, 0x00, 0x00, 
0x01, 0x18, 0x00, 0x00, 0x00, 0x06, 0x73, 0x6C, 0x69, 0x63, 0x65, 0x73, 0x56, 0x6C, 0x4C, 0x73, 
0x00, 0x00, 0x00, 0x01, 0x4F, 0x62, 0x6A, 0x63, 0x00, 0x00, 0x00, 0x01, 0x00, 0x00, 0x00, 0x00, 
0x00, 0x05, 0x73, 0x6C, 0x69, 0x63, 0x65, 0x00, 0x00, 0x00, 0x12, 0x00, 0x00, 0x00, 0x07, 0x73, 
0x6C, 0x69, 0x63, 0x65, 0x49, 0x44, 0x6C, 0x6F, 0x6E, 0x67, 0x00, 0x00, 0x00, 0x00, 0x00, 0x00, 
0x00, 0x07, 0x67, 0x72, 0x6F, 0x75, 0x70, 0x49, 0x44, 0x6C, 0x6F, 0x6E, 0x67, 0x00, 0x00, 0x00, 
0x00, 0x00, 0x00, 0x00, 0x06, 0x6F, 0x72, 0x69, 0x67, 0x69, 0x6E, 0x65, 0x6E, 0x75, 0x6D, 0x00, 
0x00, 0x00, 0x0C, 0x45, 0x53, 0x6C, 0x69, 0x63, 0x65, 0x4F, 0x72, 0x69, 0x67, 0x69, 0x6E, 0x00, 
0x00, 0x00, 0x0D, 0x61, 0x75, 0x74, 0x6F, 0x47, 0x65, 0x6E, 0x65, 0x72, 0x61, 0x74, 0x65, 0x64, 
0x00, 0x00, 0x00, 0x00, 0x54, 0x79, 0x70, 0x65, 0x65, 0x6E, 0x75, 0x6D, 0x00, 0x00, 0x00, 0x0A, 
0x45, 0x53, 0x6C, 0x69, 0x63, 0x65, 0x54, 0x79, 0x70, 0x65, 0x00, 0x00, 0x00, 0x00, 0x49, 0x6D, 
0x67, 0x20, 0x00, 0x00, 0x00, 0x06, 0x62, 0x6F, 0x75, 0x6E, 0x64, 0x73, 0x4F, 0x62, 0x6A, 0x63, 
0x00, 0x00, 0x00, 0x01, 0x00, 0x00, 0x00, 0x00, 0x00, 0x00, 0x52, 0x63, 0x74, 0x31, 0x00, 0x00, 
0x00, 0x04, 0x00, 0x00, 0x00, 0x00, 0x54, 0x6F, 0x70, 0x20, 0x6C, 0x6F, 0x6E, 0x67, 0x00, 0x00, 
0x00, 0x00, 0x00, 0x00, 0x00, 0x00, 0x4C, 0x65, 0x66, 0x74, 0x6C, 0x6F, 0x6E, 0x67, 0x00, 0x00, 
0x00, 0x00, 0x00, 0x00, 0x00, 0x00, 0x42, 0x74, 0x6F, 0x6D, 0x6C, 0x6F, 0x6E, 0x67, 0x00, 0x00, 
0x00, 0xF0, 0x00, 0x00, 0x00, 0x00, 0x52, 0x67, 0x68, 0x74, 0x6C, 0x6F, 0x6E, 0x67, 0x00, 0x00, 
0x01, 0x18, 0x00, 0x00, 0x00, 0x03, 0x75, 0x72, 0x6C, 0x54, 0x45, 0x58, 0x54, 0x00, 0x00, 0x00, 
0x01, 0x00, 0x00, 0x00, 0x00, 0x00, 0x00, 0x6E, 0x75, 0x6C, 0x6C, 0x54, 0x45, 0x58, 0x54, 0x00, 
0x00, 0x00, 0x01, 0x00, 0x00, 0x00, 0x00, 0x00, 0x00, 0x4D, 0x73, 0x67, 0x65, 0x54, 0x45, 0x58, 
0x54, 0x00, 0x00, 0x00, 0x01, 0x00, 0x00, 0x00, 0x00, 0x00, 0x06, 0x61, 0x6C, 0x74, 0x54, 0x61, 
0x67, 0x54, 0x45, 0x58, 0x54, 0x00, 0x00, 0x00, 0x01, 0x00, 0x00, 0x00, 0x00, 0x00, 0x0E, 0x63, 
0x65, 0x6C, 0x6C, 0x54, 0x65, 0x78, 0x74, 0x49, 0x73, 0x48, 0x54, 0x4D, 0x4C, 0x62, 0x6F, 0x6F, 
0x6C, 0x01, 0x00, 0x00, 0x00, 0x08, 0x63, 0x65, 0x6C, 0x6C, 0x54, 0x65, 0x78, 0x74, 0x54, 0x45, 
0x58, 0x54, 0x00, 0x00, 0x00, 0x01, 0x00, 0x00, 0x00, 0x00, 0x00, 0x09, 0x68, 0x6F, 0x72, 0x7A, 
0x41, 0x6C, 0x69, 0x67, 0x6E, 0x65, 0x6E, 0x75, 0x6D, 0x00, 0x00, 0x00, 0x0F, 0x45, 0x53, 0x6C, 
0x69, 0x63, 0x65, 0x48, 0x6F, 0x72, 0x7A, 0x41, 0x6C, 0x69, 0x67, 0x6E, 0x00, 0x00, 0x00, 0x07, 
0x64, 0x65, 0x66, 0x61, 0x75, 0x6C, 0x74, 0x00, 0x00, 0x00, 0x09, 0x76, 0x65, 0x72, 0x74, 0x41, 
0x6C, 0x69, 0x67, 0x6E, 0x65, 0x6E, 0x75, 0x6D, 0x00, 0x00, 0x00, 0x0F, 0x45, 0x53, 0x6C, 0x69, 
0x63, 0x65, 0x56, 0x65, 0x72, 0x74, 0x41, 0x6C, 0x69, 0x67, 0x6E, 0x00, 0x00, 0x00, 0x07, 0x64, 
0x65, 0x66, 0x61, 0x75, 0x6C, 0x74, 0x00, 0x00, 0x00, 0x0B, 0x62, 0x67, 0x43, 0x6F, 0x6C, 0x6F, 
0x72, 0x54, 0x79, 0x70, 0x65, 0x65, 0x6E, 0x75, 0x6D, 0x00, 0x00, 0x00, 0x11, 0x45, 0x53, 0x6C, 
0x69, 0x63, 0x65, 0x42, 0x47, 0x43, 0x6F, 0x6C, 0x6F, 0x72, 0x54, 0x79, 0x70, 0x65, 0x00, 0x00, 
0x00, 0x00, 0x4E, 0x6F, 0x6E, 0x65, 0x00, 0x00, 0x00, 0x09, 0x74, 0x6F, 0x70, 0x4F, 0x75, 0x74, 
0x73, 0x65, 0x74, 0x6C, 0x6F, 0x6E, 0x67, 0x00, 0x00, 0x00, 0x00, 0x00, 0x00, 0x00, 0x0A, 0x6C, 
0x65, 0x66, 0x74, 0x4F, 0x75, 0x74, 0x73, 0x65, 0x74, 0x6C, 0x6F, 0x6E, 0x67, 0x00, 0x00, 0x00, 
0x00, 0x00, 0x00, 0x00, 0x0C, 0x62, 0x6F, 0x74, 0x74, 0x6F, 0x6D, 0x4F, 0x75, 0x74, 0x73, 0x65, 
0x74, 0x6C, 0x6F, 0x6E, 0x67, 0x00, 0x00, 0x00, 0x00, 0x00, 0x00, 0x00, 0x0B, 0x72, 0x69, 0x67, 
0x68, 0x74, 0x4F, 0x75, 0x74, 0x73, 0x65, 0x74, 0x6C, 0x6F, 0x6E, 0x67, 0x00, 0x00, 0x00, 0x00, 
0x00, 0x38, 0x42, 0x49, 0x4D, 0x04, 0x28, 0x00, 0x00, 0x00, 0x00, 0x00, 0x0C, 0x00, 0x00, 0x00, 
0x02, 0x3F, 0xF0, 0x00, 0x00, 0x00, 0x00, 0x00, 0x00, 0x38, 0x42, 0x49, 0x4D, 0x04, 0x11, 0x00, 
0x00, 0x00, 0x00, 0x00, 0x01, 0x01, 0x00, 0x38, 0x42, 0x49, 0x4D, 0x04, 0x14, 0x00, 0x00, 0x00, 
0x00, 0x00, 0x04, 0x00, 0x00, 0x00, 0x03, 0x38, 0x42, 0x49, 0x4D, 0x04, 0x0C, 0x00, 0x00, 0x00, 
0x00, 0x0F, 0xDB, 0x00, 0x00, 0x00, 0x01, 0x00, 0x00, 0x00, 0xA0, 0x00, 0x00, 0x00, 0x89, 0x00, 
0x00, 0x01, 0xE0, 0x00, 0x01, 0x00, 0xE0, 0x00, 0x00, 0x0F, 0xBF, 0x00, 0x18, 0x00, 0x01, 0xFF, 
0xD8, 0xFF, 0xED, 0x00, 0x0C, 0x41, 0x64, 0x6F, 0x62, 0x65, 0x5F, 0x43, 0x4D, 0x00, 0x02, 0xFF, 
0xEE, 0x00, 0x0E, 0x41, 0x64, 0x6F, 0x62, 0x65, 0x00, 0x64, 0x80, 0x00, 0x00, 0x00, 0x01, 0xFF, 
0xDB, 0x00, 0x84, 0x00, 0x0C, 0x08, 0x08, 0x08, 0x09, 0x08, 0x0C, 0x09, 0x09, 0x0C, 0x11, 0x0B, 
0x0A, 0x0B, 0x11, 0x15, 0x0F, 0x0C, 0x0C, 0x0F, 0x15, 0x18, 0x13, 0x13, 0x15, 0x13, 0x13, 0x18, 
0x11, 0x0C, 0x0C, 0x0C, 0x0C, 0x0C, 0x0C, 0x11, 0x0C, 0x0C, 0x0C, 0x0C, 0x0C, 0x0C, 0x0C, 0x0C, 
0x0C, 0x0C, 0x0C, 0x0C, 0x0C, 0x0C, 0x0C, 0x0C, 0x0C, 0x0C, 0x0C, 0x0C, 0x0C, 0x0C, 0x0C, 0x0C, 
0x0C, 0x0C, 0x0C, 0x0C, 0x01, 0x0D, 0x0B, 0x0B, 0x0D, 0x0E, 0x0D, 0x10, 0x0E, 0x0E, 0x10, 0x14, 
0x0E, 0x0E, 0x0E, 0x14, 0x14, 0x0E, 0x0E, 0x0E, 0x0E, 0x14, 0x11, 0x0C, 0x0C, 0x0C, 0x0C, 0x0C, 
0x11, 0x11, 0x0C, 0x0C, 0x0C, 0x0C, 0x0C, 0x0C, 0x11, 0x0C, 0x0C, 0x0C, 0x0C, 0x0C, 0x0C, 0x0C, 
0x0C, 0x0C, 0x0C, 0x0C, 0x0C, 0x0C, 0x0C, 0x0C, 0x0C, 0x0C, 0x0C, 0x0C, 0x0C, 0x0C, 0x0C, 0x0C, 
0x0C, 0x0C, 0x0C, 0x0C, 0x0C, 0xFF, 0xC0, 0x00, 0x11, 0x08, 0x00, 0x89, 0x00, 0xA0, 0x03, 0x01, 
0x22, 0x00, 0x02, 0x11, 0x01, 0x03, 0x11, 0x01, 0xFF, 0xDD, 0x00, 0x04, 0x00, 0x0A, 0xFF, 0xC4, 
0x01, 0x3F, 0x00, 0x00, 0x01, 0x05, 0x01, 0x01, 0x01, 0x01, 0x01, 0x01, 0x00, 0x00, 0x00, 0x00, 
0x00, 0x00, 0x00, 0x03, 0x00, 0x01, 0x02, 0x04, 0x05, 0x06, 0x07, 0x08, 0x09, 0x0A, 0x0B, 0x01, 
0x00, 0x01, 0x05, 0x01, 0x01, 0x01, 0x01, 0x01, 0x01, 0x00, 0x00, 0x00, 0x00, 0x00, 0x00, 0x00, 
0x01, 0x00, 0x02, 0x03, 0x04, 0x05, 0x06, 0x07, 0x08, 0x09, 0x0A, 0x0B, 0x10, 0x00, 0x01, 0x04, 
0x01, 0x03, 0x02, 0x04, 0x02, 0x05, 0x07, 0x06, 0x08, 0x05, 0x03, 0x0C, 0x33, 0x01, 0x00, 0x02, 
0x11, 0x03, 0x04, 0x21, 0x12, 0x31, 0x05, 0x41, 0x51, 0x61, 0x13, 0x22, 0x71, 0x81, 0x32, 0x06, 
0x14, 0x91, 0xA1, 0xB1, 0x42, 0x23, 0x24, 0x15, 0x52, 0xC1, 0x62, 0x33, 0x34, 0x72, 0x82, 0xD1, 
0x43, 0x07, 0x25, 0x92, 0x53, 0xF0, 0xE1, 0xF1, 0x63, 0x73, 0x35, 0x16, 0xA2, 0xB2, 0x83, 0x26, 
0x44, 0x93, 0x54, 0x64, 0x45, 0xC2, 0xA3, 0x74, 0x36, 0x17, 0xD2, 0x55, 0xE2, 0x65, 0xF2, 0xB3, 
0x84, 0xC3, 0xD3, 0x75, 0xE3, 0xF3, 0x46, 0x27, 0x94, 0xA4, 0x85, 0xB4, 0x95, 0xC4, 0xD4, 0xE4, 
0xF4, 0xA5, 0xB5, 0xC5, 0xD5, 0xE5, 0xF5, 0x56, 0x66, 0x76, 0x86, 0x96, 0xA6, 0xB6, 0xC6, 0xD6, 
0xE6, 0xF6, 0x37, 0x47, 0x57, 0x67, 0x77, 0x87, 0x97, 0xA7, 0xB7, 0xC7, 0xD7, 0xE7, 0xF7, 0x11, 
0x00, 0x02, 0x02, 0x01, 0x02, 0x04, 0x04, 0x03, 0x04, 0x05, 0x06, 0x07, 0x07, 0x06, 0x05, 0x35, 
0x01, 0x00, 0x02, 0x11, 0x03, 0x21, 0x31, 0x12, 0x04, 0x41, 0x51, 0x61, 0x71, 0x22, 0x13, 0x05, 
0x32, 0x81, 0x91, 0x14, 0xA1, 0xB1, 0x42, 0x23, 0xC1, 0x52, 0xD1, 0xF0, 0x33, 0x24, 0x62, 0xE1, 
0x72, 0x82, 0x92, 0x43, 0x53, 0x15, 0x63, 0x73, 0x34, 0xF1, 0x25, 0x06, 0x16, 0xA2, 0xB2, 0x83, 
0x07, 0x26, 0x35, 0xC2, 0xD2, 0x44, 0x93, 0x54, 0xA3, 0x17, 0x64, 0x45, 0x55, 0x36, 0x74, 0x65, 
0xE2, 0xF2, 0xB3, 0x84, 0xC3, 0xD3, 0x75, 0xE3, 0xF3, 0x46, 0x94, 0xA4, 0x85, 0xB4, 0x95, 0xC4, 
0xD4, 0xE4, 0xF4, 0xA5, 0xB5, 0xC5, 0xD5, 0xE5, 0xF5, 0x56, 0x66, 0x76, 0x86, 0x96, 0xA6, 0xB6, 
0xC6, 0xD6, 0xE6, 0xF6, 0x27, 0x37, 0x47, 0x57, 0x67, 0x77, 0x87, 0x97, 0xA7, 0xB7, 0xC7, 0xFF, 
0xDA, 0x00, 0x0C, 0x03, 0x01, 0x00, 0x02, 0x11, 0x03, 0x11, 0x00, 0x3F, 0x00, 0xF2, 0xA4, 0x92, 
0x49, 0x25, 0x29, 0x24, 0x92, 0x49, 0x4A, 0x49, 0x24, 0x92, 0x52, 0x92, 0x49, 0x24, 0x94, 0xA4, 
0x92, 0x49, 0x25, 0x29, 0x24, 0x92, 0x49, 0x4A, 0x49, 0x24, 0x92, 0x52, 0x92, 0x49, 0x24, 0x94, 
0xA4, 0x92, 0x49, 0x25, 0x29, 0x24, 0x92, 0x49, 0x4F, 0xFF, 0xD0, 0xF2, 0xA4, 0x92, 0x49, 0x25, 
0x29, 0x24, 0x92, 0x49, 0x4A, 0x49, 0x24, 0x92, 0x52, 0x92, 0x49, 0x24, 0x94, 0xA4, 0x92, 0x49, 
0x25, 0x29, 0x24, 0x92, 0x49, 0x4A, 0x49, 0x24, 0x92, 0x52, 0x92, 0x49, 0x24, 0x94, 0xA4, 0x92, 
0x49, 0x25, 0x29, 0x24, 0x92, 0x49, 0x4F, 0xFF, 0xD1, 0xF2, 0xA4, 0x92, 0x49, 0x25, 0x29, 0x24, 
0x92, 0x49, 0x4A, 0x49, 0x68, 0x74, 0xBE, 0x83, 0xD5, 0x7A, 0xB3, 0x2D, 0xB3, 0x06, 0x90, 0xFA, 
0xB1, 0xE3, 0xD6, 0xBA, 0xCB, 0x2B, 0xA6, 0xB6, 0x97, 0x18, 0x63, 0x5D, 0x7E, 0x53, 0xE9, 0xAB, 
0x7B, 0xBF, 0xD1, 0xEF, 0xDE, 0xB6, 0x70, 0x3F, 0xC5, 0xE7, 0x5A, 0xCA, 0xAB, 0x36, 0xDB, 0xAC, 
0xC7, 0xC7, 0x6E, 0x1E, 0x3B, 0xF2, 0x06, 0xDB, 0xE9, 0xBC, 0xBC, 0xB3, 0xDD, 0xE9, 0xC6, 0x25, 
0xD7, 0x3A, 0x9D, 0xCD, 0x6B, 0xFF, 0x00, 0x4D, 0x67, 0xB1, 0x25, 0x3C, 0xB2, 0x4B, 0xB4, 0xC1, 
0xFF, 0x00, 0x16, 0x5D, 0x43, 0x36, 0xFE, 0x95, 0x53, 0x33, 0x69, 0x60, 0xEA, 0xB8, 0x0E, 0xCF, 
0x6B, 0x88, 0x74, 0xB0, 0x01, 0x59, 0x6D, 0x3B, 0x7F, 0xC2, 0x6E, 0xFB, 0x4E, 0x37, 0xE9, 0x3F, 
0xE3, 0xFF, 0x00, 0xD0, 0xFE, 0x9A, 0x80, 0xFA, 0x87, 0xD5, 0x6C, 0xE8, 0x78, 0x1D, 0x63, 0x1E, 
0xDA, 0x2C, 0x6E, 0x7E, 0xFF, 0x00, 0xD0, 0xD9, 0x6D, 0x74, 0x16, 0x06, 0x9D, 0xAC, 0xFD, 0x2E, 
0x5D, 0x94, 0xD7, 0x6B, 0x9F, 0xB1, 0xFB, 0xD9, 0x5F, 0xF3, 0x49, 0x29, 0xE6, 0x92, 0x5A, 0x5D, 
0x4F, 0xEA, 0xF7, 0x57, 0xE9, 0x54, 0xD7, 0x91, 0x9B, 0x48, 0x6E, 0x3D, 0xCE, 0x2C, 0xAE, 0xEA, 
0xAC, 0xAE, 0xEA, 0xCB, 0x9B, 0xAB, 0xAB, 0x37, 0x62, 0xD9, 0x75, 0x6C, 0xB3, 0x6F, 0xF8, 0x37, 
0xBB, 0x7A, 0xCD, 0x49, 0x4A, 0x49, 0x24, 0x92, 0x52, 0x92, 0x49, 0x24, 0x94, 0xA4, 0x93, 0xAD, 
0xFF, 0x00, 0xAB, 0x3F, 0x52, 0x3A, 0xDF, 0xD6, 0x42, 0x6C, 0xC4, 0x63, 0x68, 0xC3, 0x61, 0xDA, 
0xFC, 0xCB, 0xE5, 0xB5, 0xCF, 0xEE, 0x55, 0xB4, 0x39, 0xF7, 0xD9, 0xFC, 0x9A, 0x9B, 0xEC, 0xFF, 
0x00, 0x0B, 0xE9, 0xA4, 0xA7, 0x9F, 0x49, 0x74, 0xDF, 0x5B, 0xBE, 0xA2, 0x75, 0x1F, 0xAB, 0x0C, 
0xAB, 0x26, 0xDB, 0x99, 0x97, 0x87, 0x7B, 0xBD, 0x36, 0xDF, 0x58, 0x2D, 0xDB, 0x64, 0x6F, 0xF4, 
0xED, 0xAD, 0xFF, 0x00, 0x47, 0x7B, 0x43, 0xFD, 0x3D, 0xAE, 0x7F, 0xD0, 0x5C, 0xCA, 0x4A, 0x52, 
0x49, 0x24, 0x92, 0x9F, 0xFF, 0xD2, 0xF2, 0xA4, 0x92, 0x49, 0x25, 0x29, 0x3A, 0x64, 0xE9, 0x29, 
0xE9, 0xF1, 0x32, 0x9D, 0xD3, 0xFE, 0xAB, 0xF4, 0xAC, 0xB7, 0xE2, 0xB3, 0x2A, 0x96, 0xF5, 0x4C, 
0xBB, 0x3E, 0xCF, 0x90, 0xC2, 0xEA, 0x2D, 0x8A, 0x30, 0xEB, 0x6F, 0xA8, 0xCF, 0x6B, 0x6C, 0xFF, 
0x00, 0x09, 0xE9, 0xFF, 0x00, 0xEA, 0xC5, 0xB5, 0x85, 0xD0, 0x98, 0xDE, 0xA1, 0xD4, 0x3A, 0x6F, 
0x4A, 0xE8, 0x6F, 0xEB, 0x39, 0x78, 0xC4, 0xD7, 0xD5, 0x32, 0x2B, 0xCB, 0x7E, 0x1D, 0x0D, 0x75, 
0xBF, 0xCE, 0xE0, 0xE2, 0xD4, 0x1F, 0x46, 0xEC, 0x4A, 0x9E, 0xC7, 0x55, 0xFA, 0x7B, 0x6E, 0xB2, 
0xEF, 0x4F, 0xD4, 0xFE, 0x6D, 0x67, 0xF5, 0x6E, 0xA5, 0x6D, 0xBF, 0x52, 0x3A, 0x75, 0x07, 0xAD, 
0x5D, 0x94, 0xD0, 0xEA, 0xD9, 0xFB, 0x3D, 0xF8, 0x66, 0xBA, 0xD8, 0x2B, 0x0F, 0x0D, 0x63, 0x3A, 
0x8F, 0xA6, 0x3D, 0x7F, 0xB3, 0x6D, 0xD9, 0xFD, 0x22, 0xCF, 0xF8, 0xB5, 0xA1, 0xD5, 0xB2, 0xF2, 
0x71, 0xB0, 0xBE, 0xBC, 0xFD, 0x9E, 0xC7, 0x54, 0x6D, 0xEA, 0x74, 0xD6, 0xF2, 0xC3, 0x04, 0xB1, 
0xD6, 0x64, 0xFA, 0x8C, 0xDC, 0x3F, 0x36, 0xCD, 0xBE, 0xF4, 0x94, 0xDD, 0x6F, 0xD5, 0x8E, 0xB4, 
0xD7, 0x31, 0xCD, 0xFA, 0x9A, 0xE0, 0xEA, 0x98, 0x6A, 0xAC, 0x8E, 0xAA, 0xF0, 0x5A, 0xC7, 0x6E, 
0xDF, 0x53, 0x3F, 0x59, 0xF6, 0x56, 0xFF, 0x00, 0x52, 0xCD, 0xCC, 0xFF, 0x00, 0x84, 0x59, 0xDD, 
0x6B, 0xA6, 0xD1, 0xD2, 0xF1, 0x31, 0xC7, 0xD6, 0x0F, 0xAB, 0x17, 0xF4, 0xFE, 0x9A, 0x6C, 0xF4, 
0xAB, 0xBA, 0x8E, 0xA0, 0xEB, 0x9D, 0x53, 0x9F, 0xFA, 0x4B, 0x5D, 0x45, 0x16, 0x3B, 0x27, 0x1F, 
0xD4, 0x73, 0x19, 0xEA, 0x7A, 0x76, 0xB2, 0xBF, 0x5F, 0xD3, 0xFE, 0x71, 0x63, 0xE5, 0x7D, 0x4C, 
0xEA, 0x38, 0xDF, 0x54, 0x69, 0xFA, 0xCE, 0xFC, 0xBA, 0x9D, 0x45, 0xA5, 0xA7, 0xEC, 0xE1, 0xC7, 
0x70, 0x6B, 0xDD, 0xE9, 0x57, 0xB5, 0xFF, 0x00, 0x42, 0xCB, 0x77, 0xFF, 0x00, 0x3B, 0x43, 0x7F, 
0x9A, 0x62, 0xDD, 0xEB, 0x59, 0x39, 0x39, 0x5F, 0xE2, 0x87, 0xA5, 0x5D, 0x93, 0x63, 0xAE, 0xB7, 
0xED, 0xDB, 0x3D, 0x47, 0x92, 0xE7, 0x6D, 0x61, 0xCC, 0x65, 0x6D, 0x2E, 0x77, 0xEE, 0x37, 0xD8, 
0xD4, 0x94, 0xD4, 0xAF, 0xA3, 0xFE, 0xCD, 0xC5, 0xBF, 0xA4, 0xE4, 0xED, 0xBD, 0xB4, 0x7D, 0x63, 
0xC3, 0xA1, 0xE4, 0x80, 0x1B, 0x63, 0x05, 0x79, 0x4D, 0xDC, 0xEA, 0xE5, 0xCD, 0x6B, 0x6D, 0xAD, 
0xDE, 0xE6, 0x2E, 0x6B, 0xEB, 0x35, 0x55, 0x51, 0xF5, 0x93, 0xAB, 0x53, 0x43, 0x1B, 0x55, 0x55, 
0x66, 0xE4, 0x32, 0xBA, 0xD8, 0x03, 0x5A, 0xD6, 0xB6, 0xD7, 0xB5, 0x8C, 0x63, 0x1B, 0xED, 0x63, 
0x1A, 0xD5, 0xDE, 0xE2, 0x5C, 0x3A, 0x86, 0x46, 0x4F, 0x5C, 0xC2, 0xB0, 0xFD, 0x9F, 0xAA, 0x3E, 
0xBC, 0xAB, 0x30, 0x73, 0x7A, 0x6E, 0x56, 0x63, 0x28, 0xCA, 0xAB, 0xD9, 0xEB, 0xE2, 0x65, 0x60, 
0xD6, 0x69, 0xB1, 0xD5, 0x3F, 0xD5, 0xF4, 0x6D, 0xDD, 0xEF, 0xA6, 0xCF, 0x4B, 0x26, 0x85, 0xE7, 
0xDD, 0x71, 0x96, 0xB3, 0xAC, 0x66, 0x8B, 0xAE, 0x76, 0x4D, 0xC6, 0xF7, 0xBA, 0xDB, 0xDD, 0x5B, 
0xA9, 0x73, 0xDE, 0xE7, 0x6F, 0x7D, 0x8E, 0xC7, 0xB5, 0xB5, 0xD9, 0x4B, 0x9C, 0xF7, 0x7F, 0x36, 
0xE6, 0x24, 0xA6, 0x8A, 0x64, 0xE9, 0x24, 0xA5, 0x2B, 0xB8, 0xBD, 0x0F, 0xAD, 0xE6, 0x51, 0xF6, 
0x9C, 0x3E, 0x9F, 0x95, 0x93, 0x8F, 0x24, 0x7A, 0xD4, 0xD3, 0x63, 0xD9, 0x23, 0x96, 0xFA, 0x95, 
0xB1, 0xCC, 0x5D, 0xBF, 0xD5, 0x3F, 0xF1, 0x75, 0x48, 0xE9, 0xCD, 0xFA, 0xC1, 0xD7, 0xAA, 0xB7, 
0x2E, 0x8F, 0x47, 0xED, 0x38, 0xDD, 0x2B, 0x14, 0x6E, 0xB6, 0xD6, 0x91, 0xBE, 0xA3, 0x66, 0xD2, 
0xDF, 0xE7, 0x19, 0xFA, 0x46, 0x63, 0x54, 0xFD, 0xFF, 0x00, 0xE9, 0x6C, 0xFF, 0x00, 0x00, 0xBB, 
0xDF, 0xAB, 0x6F, 0xFA, 0xC3, 0x65, 0x56, 0x64, 0x75, 0x5A, 0x69, 0xE9, 0xB8, 0xD6, 0x35, 0x8D, 
0xE9, 0xDD, 0x26, 0x96, 0x80, 0xEC, 0x6A, 0x9B, 0xB8, 0x45, 0xD6, 0x30, 0x33, 0xDF, 0x65, 0x7E, 
0x9F, 0xE8, 0x3F, 0xC1, 0xFF, 0x00, 0xA3, 0xC6, 0xFE, 0x65, 0x25, 0x3C, 0x37, 0xD4, 0xFF, 0x00, 
0xF1, 0x58, 0xFB, 0x76, 0x67, 0xFD, 0x64, 0x6B, 0xAA, 0xAC, 0x80, 0xEA, 0xBA, 0x70, 0x25, 0xB6, 
0x3A, 0x75, 0xDD, 0x98, 0xF6, 0xFB, 0xA8, 0x66, 0xDF, 0xFB, 0x4E, 0xDF, 0xD6, 0x3F, 0xD2, 0x7A, 
0x0B, 0xD3, 0x5A, 0xDC, 0x7C, 0x6A, 0x36, 0xB4, 0x57, 0x8F, 0x8D, 0x8E, 0xC2, 0x60, 0x6D, 0xAE, 
0xAA, 0xEB, 0x60, 0xFE, 0xCD, 0x74, 0xD5, 0x5B, 0x55, 0x5E, 0xB3, 0xD6, 0xBA, 0x77, 0x43, 0xC0, 
0x7F, 0x50, 0xEA, 0x2F, 0x2C, 0xA1, 0xA4, 0x35, 0xAD, 0x68, 0xDC, 0xFB, 0x1E, 0x41, 0x2C, 0xA2, 
0x86, 0x69, 0xBE, 0xD7, 0xED, 0xFF, 0x00, 0xD2, 0x8B, 0xC8, 0x7E, 0xB4, 0xFD, 0x75, 0xEA, 0x9F, 
0x58, 0x9C, 0x69, 0x7F, 0xEA, 0xBD, 0x35, 0xA4, 0x16, 0x61, 0x30, 0xC8, 0x24, 0x1D, 0xC2, 0xCC, 
0xAB, 0x3F, 0xED, 0x45, 0x9F, 0xF8, 0x05, 0x7F, 0x99, 0x5F, 0xE7, 0xA4, 0xA6, 0xEF, 0xF8, 0xCA, 
0xFA, 0xE5, 0x8F, 0xD6, 0xFD, 0x1E, 0x99, 0xD3, 0x49, 0x7F, 0x4F, 0xC5, 0xB0, 0xDA, 0xFB, 0xC8, 
0x81, 0x6D, 0xD0, 0x6B, 0x69, 0xA5, 0xA7, 0xDF, 0xE8, 0x53, 0x5B, 0x9F, 0xEF, 0x77, 0xF3, 0xDE, 
0xA2, 0xE1, 0x51, 0x6E, 0xB0, 0x3B, 0xDA, 0x35, 0x8E, 0x4A, 0x12, 0x4A, 0x59, 0x24, 0x92, 0x49, 
0x4F, 0xFF, 0xD3, 0xF2, 0xA4, 0x92, 0x49, 0x25, 0x29, 0x3A, 0x64, 0xE9, 0x29, 0xED, 0xFA, 0xC6, 
0x67, 0xAD, 0xFE, 0x2F, 0x7A, 0x6B, 0x7F, 0x6D, 0xDB, 0x94, 0xD6, 0xDA, 0xDA, 0x47, 0x4F, 0x76, 
0x3B, 0x58, 0xC6, 0x3E, 0x96, 0x87, 0x59, 0x48, 0xBD, 0xB5, 0xB6, 0xFF, 0x00, 0xD5, 0x2B, 0xBE, 
0xBF, 0xD2, 0x59, 0x7D, 0x95, 0xDF, 0xFF, 0x00, 0x9E, 0xB6, 0x2A, 0xE9, 0x78, 0x5D, 0x5F, 0x37, 
0xEB, 0xA7, 0x47, 0xCB, 0xCD, 0xAF, 0xA7, 0xE4, 0x5D, 0x9F, 0x5D, 0xD4, 0x3A, 0xE2, 0xD6, 0x8F, 
0x63, 0xF2, 0x1E, 0xD7, 0x16, 0x58, 0xEA, 0xFD, 0x4A, 0x9D, 0xBF, 0xFC, 0x1F, 0xD0, 0xF5, 0x2B, 
0xB3, 0xFA, 0xFC, 0x96, 0x1D, 0x35, 0xF5, 0x4F, 0xAA, 0xF5, 0xF4, 0xEA, 0x72, 0xB1, 0xE8, 0xCD, 
0xC4, 0xCC, 0xB7, 0x23, 0xD1, 0xCA, 0xB5, 0x94, 0x0B, 0x2A, 0xBA, 0xBC, 0x7A, 0x77, 0x53, 0x7E, 
0x43, 0xAB, 0xA1, 0xCF, 0xA9, 0xF4, 0x3F, 0xD4, 0xA7, 0xD4, 0xDF, 0xB1, 0x6A, 0x35, 0x9D, 0x4A, 
0xDA, 0xAB, 0x1D, 0x4A, 0x8E, 0x83, 0xD4, 0xAE, 0xA9, 0xAD, 0xAD, 0xB9, 0x59, 0x39, 0xB4, 0x8B, 
0x8B, 0x1A, 0x03, 0x2B, 0x65, 0xD6, 0xE2, 0x67, 0x63, 0x7A, 0xFE, 0x9B, 0x1B, 0xB1, 0x96, 0x5C, 
0xD7, 0xDB, 0xFF, 0x00, 0x08, 0x92, 0x93, 0x7F, 0xE3, 0x65, 0x71, 0xA8, 0x52, 0x7E, 0xB1, 0xF4, 
0xEF, 0x4D, 0xA7, 0x70, 0xAF, 0xD6, 0x3B, 0x43, 0x8F, 0xE7, 0x06, 0xFD, 0x1D, 0xCA, 0xFF, 0x00, 
0xD7, 0x6C, 0x5E, 0x9B, 0xD1, 0xFF, 0x00, 0xC5, 0xEF, 0x4F, 0xE8, 0x58, 0xD9, 0xD5, 0x66, 0x59, 
0x46, 0x5B, 0x5D, 0xB9, 0x8F, 0x61, 0x73, 0xCB, 0x86, 0x4D, 0xB7, 0x58, 0x2A, 0xAD, 0xF6, 0x6C, 
0xA9, 0x8F, 0xB9, 0xAC, 0xFF, 0x00, 0x31, 0x67, 0x52, 0xCE, 0x9D, 0xFB, 0x37, 0xAB, 0x5F, 0x7F, 
0x46, 0xE9, 0x2E, 0xC9, 0xE9, 0xC7, 0x10, 0x52, 0x68, 0xBA, 0xDB, 0x28, 0x77, 0xDA, 0xAC, 0x75, 
0x6F, 0xF5, 0x6F, 0xAF, 0x3A, 0xCA, 0xFD, 0x8C, 0x6F, 0xFA, 0x56, 0x7A, 0x7F, 0xE1, 0x13, 0x31, 
0x99, 0x58, 0xCF, 0x17, 0xE1, 0xF4, 0xFF, 0x00, 0xAB, 0x98, 0xF9, 0x2C, 0x93, 0x4D, 0xE3, 0x36, 
0xBB, 0x0B, 0x1D, 0x1E, 0xCB, 0xAB, 0xAF, 0x2B, 0xA8, 0xDD, 0x8F, 0xEA, 0x57, 0xF4, 0xEA, 0xF5, 
0x69, 0xB3, 0xDE, 0x92, 0x9D, 0x7C, 0xFB, 0xEB, 0xAB, 0xAE, 0x75, 0x07, 0xDF, 0xEB, 0x64, 0x63, 
0x55, 0xD4, 0xB0, 0xFA, 0x46, 0x1E, 0x15, 0x79, 0x36, 0xE3, 0x53, 0x45, 0x4F, 0xAD, 0xE4, 0xBA, 
0xA6, 0x61, 0xBE, 0xBF, 0x75, 0x4D, 0xC7, 0xF4, 0xEB, 0xAF, 0xF9, 0xBF, 0x7B, 0xEC, 0xB3, 0xD4, 
0x5E, 0x7F, 0xF5, 0x8A, 0x97, 0x63, 0xF5, 0xFE, 0xA5, 0x8C, 0x6D, 0xB3, 0x23, 0xD0, 0xCA, 0xBA, 
0xA1, 0x75, 0xCE, 0xDF, 0x63, 0xC5, 0x76, 0x3A, 0xA6, 0xBE, 0xEB, 0x3F, 0x3E, 0xC7, 0x35, 0xBE, 
0xF5, 0xD4, 0x75, 0x7C, 0x9E, 0x9F, 0xD2, 0xE9, 0x2F, 0xC3, 0xB9, 0xB9, 0x36, 0x5F, 0xD4, 0xF1, 
0x7A, 0x83, 0x28, 0xB3, 0x26, 0xBC, 0xAB, 0x8F, 0xD9, 0xEA, 0xB7, 0xED, 0x97, 0x66, 0xE5, 0x60, 
0xBA, 0xEA, 0x19, 0xF6, 0x9C, 0xBC, 0x8F, 0xD1, 0x7E, 0x93, 0xD6, 0x7F, 0xE9, 0x2D, 0x5C, 0x97, 
0x57, 0xCD, 0x3D, 0x43, 0xAA, 0xE6, 0xE7, 0x96, 0x0A, 0x8E, 0x5D, 0xF6, 0xDE, 0x6B, 0x07, 0x70, 
0x6F, 0xA8, 0xF7, 0x5B, 0xB3, 0x7F, 0xB7, 0x76, 0xDD, 0xC9, 0x29, 0xA8, 0xBB, 0x8F, 0xAB, 0x9F, 
0xE2, 0xFE, 0x96, 0x62, 0x0E, 0xBD, 0xF5, 0xBE, 0xDF, 0xD9, 0x9D, 0x22, 0xB3, 0xB8, 0x50, 0xF2, 
0x59, 0x6D, 0xA0, 0x7B, 0xB6, 0xB8, 0x0F, 0xD2, 0xD4, 0xCB, 0x7F, 0x32, 0xBA, 0xDB, 0xF6, 0xCB, 
0xFF, 0x00, 0xC0, 0xB2, 0xBF, 0xD1, 0xDE, 0x9B, 0xFC, 0x52, 0x74, 0xCC, 0x6C, 0xDF, 0xAC, 0x76, 
0xE4, 0xE4, 0xD3, 0xEB, 0x37, 0x02, 0x83, 0x75, 0x25, 0xC2, 0x58, 0xCB, 0x8B, 0xEB, 0xAE, 0xA7, 
0x9F, 0xF0, 0x7E, 0xAB, 0x58, 0xEB, 0x5F, 0x46, 0xFF, 0x00, 0xCF, 0xFD, 0x35, 0x7F, 0xCC, 0xAF, 
0x44, 0x3D, 0x1D, 0xCC, 0xEA, 0x6D, 0xEA, 0x7D, 0x51, 0xEE, 0xEB, 0x3D, 0x4F, 0x7B, 0xDD, 0xD3, 
0xA9, 0xDB, 0xE9, 0xE2, 0xE2, 0x30, 0x10, 0xEF, 0x51, 0xAD, 0x7F, 0xAB, 0x5E, 0x3B, 0xDB, 0xFA, 
0x37, 0x5F, 0x9D, 0x7F, 0xAB, 0x90, 0xFF, 0x00, 0x67, 0xD9, 0xAB, 0xB6, 0xD6, 0x24, 0xA7, 0x43, 
0xA2, 0x64, 0xD9, 0x93, 0x80, 0xD7, 0x8E, 0x9F, 0x67, 0x4B, 0xC7, 0xA8, 0x8A, 0xB0, 0xE8, 0xB8, 
0x80, 0xF3, 0x43, 0x18, 0xC1, 0x55, 0x8F, 0xA1, 0x9F, 0xD1, 0x3F, 0xD1, 0xB3, 0x1E, 0xC7, 0xFA, 
0x9F, 0xA3, 0xF5, 0x11, 0xF3, 0xB3, 0xF0, 0xBA, 0x6E, 0x23, 0xF3, 0x73, 0xEE, 0x6E, 0x36, 0x2D, 
0x5F, 0x4E, 0xD7, 0xF1, 0xFD, 0x56, 0xB5, 0xBE, 0xFB, 0x2C, 0x77, 0xE6, 0x55, 0x5F, 0xE9, 0x1E, 
0xB8, 0x0F, 0xAC, 0x9F, 0xE3, 0x13, 0xEC, 0x8E, 0xB3, 0x1F, 0xA3, 0x64, 0x0C, 0xDC, 0xF7, 0x82, 
0xCB, 0xBA, 0x88, 0xFE, 0x8B, 0x48, 0x9F, 0xE6, 0xBA, 0x66, 0x39, 0x2F, 0x65, 0xCF, 0xDF, 0xF4, 
0xF3, 0x6E, 0xF5, 0x7F, 0xE3, 0x2E, 0xFD, 0x1B, 0x28, 0xE2, 0x3A, 0xCF, 0xD6, 0x1E, 0xB3, 0xD6, 
0xEC, 0xAE, 0xCE, 0xAB, 0x94, 0x72, 0x3D, 0x06, 0xED, 0xA9, 0xB0, 0xD6, 0x31, 0xBF, 0xBE, 0xF6, 
0xD5, 0x50, 0x6D, 0x7E, 0xAD, 0x9F, 0xE1, 0x2D, 0xFF, 0x00, 0xBE, 0x24, 0xA7, 0x5B, 0xEB, 0xBF, 
0xD7, 0x57, 0x7D, 0x63, 0xB2, 0xAA, 0x28, 0xAB, 0xEC, 0xFD, 0x37, 0x15, 0xCE, 0x7D, 0x4D, 0x7F, 
0xF3, 0xB6, 0x3D, 0xC3, 0x67, 0xAD, 0x77, 0xE6, 0x57, 0xB5, 0x9F, 0xCD, 0xD2, 0xCF, 0xFA, 0xE5, 
0x8B, 0x91, 0xB2, 0xD2, 0xED, 0x06, 0x81, 0x2B, 0xAC, 0x0F, 0xD0, 0x70, 0x10, 0xD2, 0x52, 0x93, 
0x27, 0x4C, 0x92, 0x94, 0x92, 0x49, 0x24, 0xA7, 0xFF, 0xD4, 0xF2, 0xA4, 0x92, 0x49, 0x25, 0x29, 
0x3A, 0x4B, 0xD2, 0x7F, 0xC4, 0xCE, 0x26, 0x26, 0x4D, 0xBD, 0x59, 0xB9, 0x34, 0x55, 0x78, 0x68, 
0xC6, 0xDB, 0xEA, 0xB1, 0xAF, 0x89, 0x75, 0xC0, 0xED, 0xF5, 0x1A, 0xED, 0xA9, 0x29, 0xE0, 0x70, 
0x32, 0x2A, 0xA2, 0xEA, 0x6D, 0xB6, 0xA6, 0x5E, 0xCA, 0xAC, 0x0F, 0x75, 0x16, 0xCE, 0xC7, 0x80, 
0x67, 0xD3, 0xB3, 0x6E, 0xD7, 0x6D, 0x72, 0xE8, 0x3F, 0xE7, 0x57, 0x4D, 0x3A, 0x8F, 0xAB, 0x7D, 
0x2A, 0x3E, 0x16, 0xFF, 0x00, 0xE9, 0x45, 0xA5, 0xFE, 0x2E, 0xF1, 0xF1, 0xEE, 0xFA, 0xF7, 0xD4, 
0x6B, 0xB6, 0x9A, 0xEC, 0xA8, 0x55, 0x94, 0x5B, 0x5B, 0xD8, 0xD7, 0x34, 0x45, 0x8C, 0xDB, 0xB5, 
0x8E, 0x1B, 0x55, 0xCE, 0xA7, 0xF5, 0x12, 0xCE, 0xB5, 0xD4, 0x3A, 0xE7, 0x53, 0xC4, 0xCB, 0xC7, 
0xC0, 0xAB, 0x17, 0x3A, 0xCA, 0x4D, 0x36, 0xB3, 0x65, 0x4D, 0x65, 0x4D, 0xC7, 0x7D, 0xD7, 0xBE, 
0xF6, 0x1D, 0x94, 0xD6, 0xCA, 0xAD, 0x7D, 0x9F, 0xCD, 0x7F, 0x83, 0xFF, 0x00, 0x84, 0x49, 0x4F, 
0x35, 0x77, 0xD6, 0x56, 0xB8, 0x64, 0xD3, 0x47, 0x4C, 0xC3, 0xC5, 0xC3, 0xCD, 0x38, 0xC7, 0x2B, 
0x16, 0xB1, 0x66, 0xC7, 0x1C, 0x57, 0xBA, 0xE6, 0x43, 0xBD, 0x5D, 0xD5, 0xFD, 0xA3, 0xD4, 0xF4, 
0xAF, 0xD9, 0xFE, 0x0F, 0xE8, 0x7E, 0x97, 0xDE, 0xAC, 0x1F, 0xAD, 0x3D, 0x36, 0x7F, 0xF1, 0x35, 
0xD2, 0xFE, 0xEB, 0x7F, 0xF2, 0x6B, 0x67, 0x27, 0xFC, 0x53, 0x8A, 0xCE, 0x3E, 0x48, 0xEB, 0xD8, 
0xBF, 0xB3, 0x6F, 0x00, 0xD9, 0x9B, 0x63, 0x05, 0x60, 0x6F, 0x8F, 0xB2, 0xFD, 0x98, 0x7A, 0xCF, 
0xA7, 0x2B, 0xED, 0x0E, 0x3E, 0xCF, 0xD6, 0x29, 0x59, 0xFD, 0x5B, 0xFC, 0x5D, 0xF5, 0x9C, 0x2E, 
0xBF, 0x89, 0xD1, 0xB1, 0x2D, 0x66, 0x60, 0xCE, 0x63, 0xAC, 0xAB, 0x29, 0xCD, 0x35, 0x35, 0xAD, 
0xAF, 0xFA, 0x49, 0xC9, 0x64, 0xDD, 0xE9, 0x7A, 0x1F, 0xC8, 0xDF, 0xEA, 0x7E, 0x8F, 0x67, 0xE9, 
0x3F, 0x46, 0x92, 0x9E, 0x7B, 0xAD, 0x75, 0x2A, 0x73, 0x6F, 0xAE, 0xEC, 0x7C, 0x1C, 0x7E, 0x9C, 
0xD6, 0xB7, 0x61, 0xA7, 0x14, 0x38, 0x35, 0xC4, 0x12, 0xEF, 0x51, 0xFE, 0xA3, 0x9D, 0xEF, 0xF7, 
0x6D, 0x59, 0x6E, 0x32, 0x49, 0xF1, 0x5D, 0xEB, 0xBF, 0xC5, 0xAE, 0x26, 0x65, 0xF9, 0x78, 0x1D, 
0x2B, 0xAF, 0xD1, 0x9B, 0xD6, 0x30, 0x04, 0xDD, 0x82, 0x69, 0x35, 0x09, 0x9D, 0xAF, 0x63, 0x72, 
0x3D, 0x4B, 0x1A, 0xED, 0x8F, 0xFD, 0x13, 0xFD, 0x9F, 0xA2, 0xBB, 0xF4, 0x77, 0xFA, 0x0B, 0x5B, 
0x0B, 0xA0, 0xBB, 0xA8, 0x7F, 0x8A, 0x7C, 0x7C, 0x6C, 0x4C, 0x26, 0x59, 0xD5, 0x6F, 0xB7, 0xD2, 
0x63, 0xBD, 0x36, 0xFA, 0xA0, 0x8C, 0xD7, 0x8B, 0x37, 0xDA, 0x5B, 0xBE, 0xA6, 0x57, 0x5B, 0x7F, 
0x4A, 0xF7, 0xBB, 0xF4, 0x75, 0x24, 0xA7, 0x1B, 0x17, 0xEB, 0xF8, 0xE9, 0x3F, 0x57, 0xF1, 0x7A, 
0x57, 0xD5, 0xBC, 0x31, 0x83, 0x70, 0x60, 0x76, 0x66, 0x65, 0xDB, 0x6D, 0x73, 0xAE, 0x3F, 0xCE, 
0x5D, 0x4D, 0x67, 0xD8, 0xF7, 0x3F, 0x6B, 0x7F, 0x49, 0x91, 0xFC, 0xDD, 0x7F, 0xA0, 0xAE, 0x85, 
0x43, 0xAB, 0x7D, 0x79, 0xFA, 0xCB, 0xD5, 0xF0, 0xBE, 0xC1, 0x99, 0x94, 0xD1, 0x8E, 0xE1, 0x17, 
0x36, 0x9A, 0xDB, 0x51, 0xB7, 0xFE, 0x3D, 0xCC, 0xFA, 0x4D, 0xFF, 0x00, 0x83, 0x67, 0xA7, 0x52, 
0x3F, 0x52, 0xFA, 0x89, 0x6E, 0x27, 0x56, 0xC3, 0xFA, 0xBF, 0x85, 0xD4, 0xAA, 0xCE, 0xEB, 0x19, 
0x30, 0x6D, 0xC7, 0x6B, 0x0B, 0x2B, 0xA2, 0xBD, 0x9E, 0xAB, 0xEE, 0xC9, 0xC9, 0x73, 0xDD, 0xF9, 
0x8D, 0xF5, 0x1B, 0x57, 0xA3, 0xEB, 0x3E, 0x8F, 0xD2, 0xEC, 0xFD, 0x2D, 0x15, 0xDD, 0xA5, 0x67, 
0xF8, 0xAE, 0xAE, 0xE7, 0xE4, 0xE0, 0x60, 0x75, 0xEA, 0x72, 0x7A, 0xBE, 0x23, 0x1A, 0xFB, 0xB0, 
0x4D, 0x26, 0xB8, 0xDF, 0x1B, 0x5A, 0x6E, 0xF5, 0x6C, 0x73, 0x79, 0xFF, 0x00, 0x45, 0xFE, 0x8F, 
0xD5, 0xF4, 0x92, 0x53, 0xC1, 0x59, 0x70, 0x6F, 0xB5, 0xBC, 0xF0, 0x84, 0xEB, 0x1C, 0xEE, 0x57, 
0xA8, 0x55, 0xD3, 0x71, 0xAA, 0xFF, 0x00, 0x13, 0xF6, 0x5B, 0x76, 0x2D, 0x6D, 0xCD, 0xAD, 0x97, 
0x35, 0xF6, 0x3A, 0xB6, 0xFA, 0xAD, 0x73, 0x73, 0x4D, 0x65, 0xAE, 0xB0, 0xB7, 0xD4, 0xF6, 0xFD, 
0x05, 0xE7, 0x3D, 0x23, 0xA6, 0xBB, 0xAA, 0x75, 0x1A, 0x70, 0x45, 0xF4, 0xE2, 0xFA, 0xA4, 0xEE, 
0xC8, 0xC8, 0x78, 0xAE, 0xB6, 0x06, 0x82, 0xF7, 0x39, 0xEF, 0x77, 0xF5, 0x7D, 0xA9, 0x29, 0xA6, 
0x92, 0xEF, 0xB1, 0xBF, 0xC5, 0x9F, 0x4A, 0xEA, 0x37, 0xE5, 0x61, 0x74, 0x8F, 0xAC, 0x75, 0x66, 
0xE7, 0xE2, 0x34, 0x3A, 0xCA, 0xDB, 0x8E, 0xE1, 0x4C, 0xBB, 0xE8, 0x34, 0xE6, 0x57, 0x6D, 0xD5, 
0x7D, 0x27, 0x6C, 0x77, 0xA3, 0xEB, 0x7A, 0x7F, 0xE8, 0xD6, 0xA7, 0xD5, 0x5E, 0x87, 0x4E, 0x7F, 
0xF8, 0xB8, 0xCD, 0xC7, 0xB1, 0x98, 0xF4, 0x64, 0x9B, 0x6F, 0x61, 0xCB, 0xC8, 0x6B, 0x40, 0xA9, 
0xAC, 0x75, 0x2E, 0xB5, 0xF6, 0x5F, 0xB5, 0xCF, 0x63, 0x6B, 0x63, 0x6C, 0x49, 0x4F, 0x96, 0xA6, 
0x5D, 0x6F, 0xD6, 0xBF, 0xA8, 0x2F, 0xE8, 0x3D, 0x36, 0x8E, 0xAD, 0x87, 0x9E, 0xCE, 0xA9, 0xD3, 
0xEE, 0x2D, 0x69, 0xBA, 0xB6, 0x6C, 0x82, 0xF0, 0xE7, 0x54, 0xF6, 0xED, 0xB3, 0x21, 0x96, 0x53, 
0x66, 0xCF, 0xE7, 0x3D, 0x4F, 0xA6, 0xB9, 0x24, 0x94, 0xA4, 0x92, 0x49, 0x25, 0x3F, 0xFF, 0xD5, 
0xF2, 0xA4, 0x92, 0x49, 0x25, 0x2E, 0xBA, 0xFF, 0x00, 0xF1, 0x6D, 0xF5, 0xA7, 0x1B, 0xEA, 0xEF, 
0x53, 0xBF, 0xED, 0xD2, 0xDC, 0x1C, 0xC6, 0x35, 0x96, 0xD8, 0xC6, 0x97, 0x3A, 0xB7, 0xB1, 0xDB, 
0xE9, 0xBB, 0x63, 0x7D, 0xEF, 0xAB, 0xDD, 0x63, 0x6C, 0x6B, 0x3D, 0xEB, 0x90, 0x44, 0xA5, 0xE1, 
0xAE, 0x33, 0xDD, 0x25, 0x3E, 0xB1, 0xD3, 0xFA, 0xA7, 0xF8, 0xB1, 0xE8, 0x39, 0xF9, 0x9D, 0x73, 
0x07, 0x39, 0xF7, 0x65, 0x66, 0x35, 0xDF, 0xA0, 0x63, 0x6C, 0x7E, 0xD0, 0xF3, 0xEA, 0xDB, 0x56, 
0x35, 0x4E, 0xA6, 0xAF, 0x4B, 0xD6, 0x73, 0x7F, 0xED, 0x55, 0xDF, 0xA3, 0x59, 0x75, 0xFD, 0x72, 
0xE8, 0xD9, 0x1F, 0x55, 0x7E, 0xB1, 0x51, 0x95, 0x77, 0xA1, 0xD4, 0x7A, 0xAE, 0x46, 0x55, 0xF4, 
0xE2, 0x16, 0x3D, 0xE6, 0x2D, 0x14, 0x8A, 0x19, 0xEB, 0xD7, 0x5F, 0xA1, 0xF4, 0x69, 0xD9, 0xF4, 
0xD7, 0x02, 0x6C, 0x6C, 0x49, 0x2A, 0x1E, 0xA0, 0x35, 0xBB, 0x58, 0x3A, 0xC0, 0x49, 0x4F, 0x6B, 
0xF5, 0x83, 0xEB, 0x0F, 0x44, 0xCE, 0xFF, 0x00, 0x17, 0xDD, 0x27, 0xA3, 0x63, 0x64, 0x7A, 0x9D, 
0x43, 0x15, 0xD4, 0x3A, 0xFA, 0x36, 0x58, 0x36, 0x86, 0x32, 0xF6, 0xD9, 0xFA, 0x47, 0xB1, 0xB5, 
0x3B, 0x6B, 0xAD, 0x6F, 0xD0, 0xB1, 0x74, 0x5D, 0x5F, 0xFC, 0x63, 0x7D, 0x5E, 0x6F, 0xD6, 0x5E, 
0x99, 0x9F, 0x83, 0x73, 0xB3, 0x30, 0xD9, 0x46, 0x4E, 0x36, 0x63, 0x99, 0x5D, 0x8D, 0x75, 0x62, 
0xE7, 0x52, 0xFA, 0xEC, 0x6B, 0x2F, 0x6D, 0x3E, 0xA7, 0xBE, 0x9F, 0x76, 0xCF, 0xF0, 0x6B, 0xCA, 
0x0D, 0xB1, 0x5B, 0x60, 0xEB, 0xA6, 0x89, 0xCD, 0xA0, 0x38, 0x09, 0x90, 0x79, 0x49, 0x4F, 0xAB, 
0x64, 0xFD, 0x70, 0xE9, 0x15, 0x64, 0x64, 0xE7, 0xD5, 0xF5, 0xB2, 0xD7, 0x63, 0xD9, 0x2E, 0xC6, 
0xC1, 0xC5, 0xC0, 0xA7, 0xD7, 0x6C, 0x9D, 0xFE, 0x8F, 0xDA, 0x32, 0xB1, 0x7D, 0xFF, 0x00, 0xC8, 
0xFB, 0x47, 0xA3, 0xFF, 0x00, 0x0B, 0x6A, 0xA3, 0xD3, 0xFF, 0x00, 0xC6, 0x0E, 0x1F, 0x4F, 0xFA, 
0x90, 0x2B, 0xC7, 0xC9, 0x63, 0xBE, 0xB1, 0x87, 0xDB, 0x67, 0xD9, 0xAD, 0xA9, 0xE5, 0xBB, 0xAF, 
0xCA, 0x7D, 0xD6, 0x39, 0xCE, 0xAE, 0xBA, 0xB1, 0x3F, 0xA3, 0x5B, 0xEA, 0xFB, 0x5F, 0xE9, 0xFF, 
0x00, 0x23, 0xFC, 0x1A, 0xF3, 0x93, 0x63, 0x63, 0x95, 0x0F, 0x5A, 0x2A, 0x06, 0x7D, 0xDE, 0x09, 
0x29, 0xF4, 0xEC, 0xEF, 0xAE, 0x5F, 0x54, 0x9D, 0xD6, 0x7A, 0x77, 0xD6, 0x8C, 0x4B, 0x08, 0xCF, 
0x6D, 0x7F, 0x67, 0xEA, 0x58, 0x02, 0xBB, 0x05, 0xA6, 0x9B, 0x1B, 0xB3, 0x73, 0x2F, 0x75, 0x6D, 
0xC7, 0xB7, 0x27, 0x01, 0xFF, 0x00, 0xCA, 0xFD, 0x6B, 0x1F, 0xFC, 0x2F, 0xE8, 0xD8, 0x8B, 0x85, 
0xD7, 0x3E, 0xA1, 0x74, 0x5E, 0xBB, 0xD4, 0xBE, 0xB4, 0x63, 0x75, 0x5B, 0x33, 0x32, 0x3A, 0x83, 
0x4E, 0xCC, 0x16, 0x55, 0x66, 0xE0, 0xE7, 0xB9, 0xB7, 0xE4, 0x0D, 0xD6, 0xB1, 0x9F, 0xCE, 0xDB, 
0x53, 0x3D, 0x2F, 0x5B, 0xD0, 0x65, 0x1F, 0xF0, 0xAB, 0xCB, 0x8D, 0xA3, 0x42, 0x0E, 0x87, 0x90, 
0x9C, 0xD8, 0xD0, 0x26, 0x74, 0x49, 0x4F, 0xA7, 0x74, 0x9F, 0xAD, 0xFF, 0x00, 0x53, 0xB3, 0x7E, 
0xA9, 0xFE, 0xCB, 0xFA, 0xC3, 0x99, 0xE8, 0x5B, 0x97, 0x66, 0x45, 0x99, 0x98, 0xF5, 0xD7, 0x7C, 
0xB4, 0xDB, 0x93, 0x66, 0x6B, 0x03, 0x2E, 0xA6, 0xAB, 0x1B, 0xFE, 0x8D, 0x67, 0x30, 0xFF, 0x00, 
0x8A, 0x5C, 0x2E, 0xA9, 0x83, 0x7E, 0x2B, 0xDD, 0x95, 0x48, 0x75, 0x83, 0x25, 0xB7, 0x32, 0xFB, 
0x2B, 0x64, 0xB3, 0xF4, 0x17, 0x5B, 0x4D, 0xF4, 0x37, 0xD6, 0xAD, 0xB6, 0xFB, 0x36, 0x7F, 0x2D, 
0x70, 0x2C, 0xB0, 0x16, 0x09, 0x30, 0x7C, 0x12, 0x36, 0x36, 0x46, 0xBC, 0xA4, 0xA7, 0xD7, 0x30, 
0x7E, 0xBA, 0xFD, 0x58, 0xC1, 0xEB, 0x37, 0x3E, 0xCE, 0xBB, 0xEA, 0x74, 0xD2, 0xC8, 0xC3, 0xC2, 
0xA3, 0x0D, 0xD5, 0x63, 0x63, 0x80, 0xEA, 0xDD, 0xB7, 0x7D, 0x35, 0x7A, 0x99, 0x19, 0x2E, 0xF7, 
0x7A, 0x6F, 0xF4, 0xF6, 0x7A, 0x7E, 0xB6, 0xFF, 0x00, 0xF0, 0x75, 0xAC, 0x6E, 0x8B, 0xF5, 0x8F, 
0xEA, 0x8B, 0x7E, 0xAA, 0x67, 0xF4, 0x5E, 0xAB, 0x9A, 0xF6, 0xFD, 0xB3, 0x26, 0xFD, 0x29, 0xAA, 
0xC7, 0x3B, 0xD3, 0xB6, 0xCA, 0xFD, 0x2C, 0x9A, 0xDD, 0xE9, 0xFA, 0x7B, 0x59, 0xB3, 0xD7, 0xD8, 
0xFF, 0x00, 0x7F, 0xA5, 0xFE, 0x0B, 0xF3, 0x17, 0x9E, 0xFA, 0x8D, 0x98, 0x95, 0x16, 0xD8, 0xDD, 
0xBA, 0x9E, 0xE9, 0x29, 0xEE, 0xFE, 0xB6, 0x7D, 0x60, 0xFA, 0xB9, 0x89, 0xF5, 0x33, 0x1F, 0xEA, 
0xB7, 0x40, 0xCA, 0x39, 0xED, 0x0E, 0x69, 0xB6, 0xE2, 0xD7, 0x00, 0xD6, 0x35, 0xEF, 0xCA, 0x79, 
0x73, 0xDE, 0xDA, 0xFF, 0x00, 0x4B, 0x76, 0x4D, 0x9E, 0xCA, 0xAB, 0xDF, 0xE9, 0xD4, 0xBC, 0xF1, 
0x1A, 0xE7, 0x82, 0xDD, 0xA0, 0xCC, 0xA0, 0xA4, 0xA5, 0x92, 0x49, 0x24, 0x94, 0xFF, 0x00, 0xFF, 
0xD6, 0xF2, 0xA4, 0x92, 0x49, 0x25, 0x29, 0x3A, 0x64, 0x92, 0x52, 0xE9, 0x26, 0x4E, 0x92, 0x94, 
0x92, 0x49, 0x24, 0xA5, 0x24, 0x92, 0x64, 0x94, 0xBA, 0x49, 0x24, 0x92, 0x94, 0x92, 0x49, 0x24, 
0xA5, 0x24, 0x92, 0x64, 0x94, 0xBA, 0x49, 0x92, 0x49, 0x4A, 0x49, 0x24, 0x92, 0x53, 0xFF, 0xD7, 
0xF2, 0xA4, 0x92, 0x49, 0x25, 0x29, 0x24, 0x92, 0x49, 0x4A, 0x49, 0x24, 0x92, 0x52, 0x92, 0x49, 
0x24, 0x94, 0xA4, 0x92, 0x49, 0x25, 0x29, 0x24, 0x92, 0x49, 0x4A, 0x49, 0x24, 0x92, 0x52, 0x92, 
0x49, 0x24, 0x94, 0xA4, 0x92, 0x49, 0x25, 0x29, 0x24, 0x92, 0x49, 0x4F, 0xFF, 0xD9, 0x00, 0x38, 
0x42, 0x49, 0x4D, 0x04, 0x21, 0x00, 0x00, 0x00, 0x00, 0x00, 0x57, 0x00, 0x00, 0x00, 0x01, 0x01, 
0x00, 0x00, 0x00, 0x0F, 0x00, 0x41, 0x00, 0x64, 0x00, 0x6F, 0x00, 0x62, 0x00, 0x65, 0x00, 0x20, 
0x00, 0x50, 0x00, 0x68, 0x00, 0x6F, 0x00, 0x74, 0x00, 0x6F, 0x00, 0x73, 0x00, 0x68, 0x00, 0x6F, 
0x00, 0x70, 0x00, 0x00, 0x00, 0x14, 0x00, 0x41, 0x00, 0x64, 0x00, 0x6F, 0x00, 0x62, 0x00, 0x65, 
0x00, 0x20, 0x00, 0x50, 0x00, 0x68, 0x00, 0x6F, 0x00, 0x74, 0x00, 0x6F, 0x00, 0x73, 0x00, 0x68, 
0x00, 0x6F, 0x00, 0x70, 0x00, 0x20, 0x00, 0x32, 0x00, 0x30, 0x00, 0x32, 0x00, 0x30, 0x00, 0x00, 
0x00, 0x01, 0x00, 0x38, 0x42, 0x49, 0x4D, 0x04, 0x06, 0x00, 0x00, 0x00, 0x00, 0x00, 0x07, 0x00, 
0x04, 0x00, 0x00, 0x00, 0x01, 0x01, 0x00, 0xFF, 0xE1, 0x0D, 0xD2, 0x68, 0x74, 0x74, 0x70, 0x3A, 
0x2F, 0x2F, 0x6E, 0x73, 0x2E, 0x61, 0x64, 0x6F, 0x62, 0x65, 0x2E, 0x63, 0x6F, 0x6D, 0x2F, 0x78, 
0x61, 0x70, 0x2F, 0x31, 0x2E, 0x30, 0x2F, 0x00, 0x3C, 0x3F, 0x78, 0x70, 0x61, 0x63, 0x6B, 0x65, 
0x74, 0x20, 0x62, 0x65, 0x67, 0x69, 0x6E, 0x3D, 0x22, 0xEF, 0xBB, 0xBF, 0x22, 0x20, 0x69, 0x64, 
0x3D, 0x22, 0x57, 0x35, 0x4D, 0x30, 0x4D, 0x70, 0x43, 0x65, 0x68, 0x69, 0x48, 0x7A, 0x72, 0x65, 
0x53, 0x7A, 0x4E, 0x54, 0x63, 0x7A, 0x6B, 0x63, 0x39, 0x64, 0x22, 0x3F, 0x3E, 0x20, 0x3C, 0x78, 
0x3A, 0x78, 0x6D, 0x70, 0x6D, 0x65, 0x74, 0x61, 0x20, 0x78, 0x6D, 0x6C, 0x6E, 0x73, 0x3A, 0x78, 
0x3D, 0x22, 0x61, 0x64, 0x6F, 0x62, 0x65, 0x3A, 0x6E, 0x73, 0x3A, 0x6D, 0x65, 0x74, 0x61, 0x2F, 
0x22, 0x20, 0x78, 0x3A, 0x78, 0x6D, 0x70, 0x74, 0x6B, 0x3D, 0x22, 0x41, 0x64, 0x6F, 0x62, 0x65, 
0x20, 0x58, 0x4D, 0x50, 0x20, 0x43, 0x6F, 0x72, 0x65, 0x20, 0x35, 0x2E, 0x36, 0x2D, 0x63, 0x31, 
0x34, 0x38, 0x20, 0x37, 0x39, 0x2E, 0x31, 0x36, 0x34, 0x30, 0x33, 0x36, 0x2C, 0x20, 0x32, 0x30, 
0x31, 0x39, 0x2F, 0x30, 0x38, 0x2F, 0x31, 0x33, 0x2D, 0x30, 0x31, 0x3A, 0x30, 0x36, 0x3A, 0x35, 
0x37, 0x20, 0x20, 0x20, 0x20, 0x20, 0x20, 0x20, 0x20, 0x22, 0x3E, 0x20, 0x3C, 0x72, 0x64, 0x66, 
0x3A, 0x52, 0x44, 0x46, 0x20, 0x78, 0x6D, 0x6C, 0x6E, 0x73, 0x3A, 0x72, 0x64, 0x66, 0x3D, 0x22, 
0x68, 0x74, 0x74, 0x70, 0x3A, 0x2F, 0x2F, 0x77, 0x77, 0x77, 0x2E, 0x77, 0x33, 0x2E, 0x6F, 0x72, 
0x67, 0x2F, 0x31, 0x39, 0x39, 0x39, 0x2F, 0x30, 0x32, 0x2F, 0x32, 0x32, 0x2D, 0x72, 0x64, 0x66, 
0x2D, 0x73, 0x79, 0x6E, 0x74, 0x61, 0x78, 0x2D, 0x6E, 0x73, 0x23, 0x22, 0x3E, 0x20, 0x3C, 0x72, 
0x64, 0x66, 0x3A, 0x44, 0x65, 0x73, 0x63, 0x72, 0x69, 0x70, 0x74, 0x69, 0x6F, 0x6E, 0x20, 0x72, 
0x64, 0x66, 0x3A, 0x61, 0x62, 0x6F, 0x75, 0x74, 0x3D, 0x22, 0x22, 0x20, 0x78, 0x6D, 0x6C, 0x6E, 
0x73, 0x3A, 0x78, 0x6D, 0x70, 0x3D, 0x22, 0x68, 0x74, 0x74, 0x70, 0x3A, 0x2F, 0x2F, 0x6E, 0x73, 
0x2E, 0x61, 0x64, 0x6F, 0x62, 0x65, 0x2E, 0x63, 0x6F, 0x6D, 0x2F, 0x78, 0x61, 0x70, 0x2F, 0x31, 
0x2E, 0x30, 0x2F, 0x22, 0x20, 0x78, 0x6D, 0x6C, 0x6E, 0x73, 0x3A, 0x78, 0x6D, 0x70, 0x4D, 0x4D, 
0x3D, 0x22, 0x68, 0x74, 0x74, 0x70, 0x3A, 0x2F, 0x2F, 0x6E, 0x73, 0x2E, 0x61, 0x64, 0x6F, 0x62, 
0x65, 0x2E, 0x63, 0x6F, 0x6D, 0x2F, 0x78, 0x61, 0x70, 0x2F, 0x31, 0x2E, 0x30, 0x2F, 0x6D, 0x6D, 
0x2F, 0x22, 0x20, 0x78, 0x6D, 0x6C, 0x6E, 0x73, 0x3A, 0x73, 0x74, 0x45, 0x76, 0x74, 0x3D, 0x22, 
0x68, 0x74, 0x74, 0x70, 0x3A, 0x2F, 0x2F, 0x6E, 0x73, 0x2E, 0x61, 0x64, 0x6F, 0x62, 0x65, 0x2E, 
0x63, 0x6F, 0x6D, 0x2F, 0x78, 0x61, 0x70, 0x2F, 0x31, 0x2E, 0x30, 0x2F, 0x73, 0x54, 0x79, 0x70, 
0x65, 0x2F, 0x52, 0x65, 0x73, 0x6F, 0x75, 0x72, 0x63, 0x65, 0x45, 0x76, 0x65, 0x6E, 0x74, 0x23, 
0x22, 0x20, 0x78, 0x6D, 0x6C, 0x6E, 0x73, 0x3A, 0x64, 0x63, 0x3D, 0x22, 0x68, 0x74, 0x74, 0x70, 
0x3A, 0x2F, 0x2F, 0x70, 0x75, 0x72, 0x6C, 0x2E, 0x6F, 0x72, 0x67, 0x2F, 0x64, 0x63, 0x2F, 0x65, 
0x6C, 0x65, 0x6D, 0x65, 0x6E, 0x74, 0x73, 0x2F, 0x31, 0x2E, 0x31, 0x2F, 0x22, 0x20, 0x78, 0x6D, 
0x6C, 0x6E, 0x73, 0x3A, 0x70, 0x68, 0x6F, 0x74, 0x6F, 0x73, 0x68, 0x6F, 0x70, 0x3D, 0x22, 0x68, 
0x74, 0x74, 0x70, 0x3A, 0x2F, 0x2F, 0x6E, 0x73, 0x2E, 0x61, 0x64, 0x6F, 0x62, 0x65, 0x2E, 0x63, 
0x6F, 0x6D, 0x2F, 0x70, 0x68, 0x6F, 0x74, 0x6F, 0x73, 0x68, 0x6F, 0x70, 0x2F, 0x31, 0x2E, 0x30, 
0x2F, 0x22, 0x20, 0x78, 0x6D, 0x70, 0x3A, 0x43, 0x72, 0x65, 0x61, 0x74, 0x6F, 0x72, 0x54, 0x6F, 
0x6F, 0x6C, 0x3D, 0x22, 0x41, 0x64, 0x6F, 0x62, 0x65, 0x20, 0x50, 0x68, 0x6F, 0x74, 0x6F, 0x73, 
0x68, 0x6F, 0x70, 0x20, 0x32, 0x31, 0x2E, 0x30, 0x20, 0x28, 0x57, 0x69, 0x6E, 0x64, 0x6F, 0x77, 
0x73, 0x29, 0x22, 0x20, 0x78, 0x6D, 0x70, 0x3A, 0x43, 0x72, 0x65, 0x61, 0x74, 0x65, 0x44, 0x61, 
0x74, 0x65, 0x3D, 0x22, 0x32, 0x30, 0x32, 0x34, 0x2D, 0x31, 0x30, 0x2D, 0x31, 0x34, 0x54, 0x32, 
0x30, 0x3A, 0x33, 0x33, 0x3A, 0x30, 0x39, 0x2B, 0x30, 0x38, 0x3A, 0x30, 0x30, 0x22, 0x20, 0x78, 
0x6D, 0x70, 0x3A, 0x4D, 0x65, 0x74, 0x61, 0x64, 0x61, 0x74, 0x61, 0x44, 0x61, 0x74, 0x65, 0x3D, 
0x22, 0x32, 0x30, 0x32, 0x34, 0x2D, 0x31, 0x30, 0x2D, 0x31, 0x34, 0x54, 0x32, 0x30, 0x3A, 0x33, 
0x33, 0x3A, 0x30, 0x39, 0x2B, 0x30, 0x38, 0x3A, 0x30, 0x30, 0x22, 0x20, 0x78, 0x6D, 0x70, 0x3A, 
0x4D, 0x6F, 0x64, 0x69, 0x66, 0x79, 0x44, 0x61, 0x74, 0x65, 0x3D, 0x22, 0x32, 0x30, 0x32, 0x34, 
0x2D, 0x31, 0x30, 0x2D, 0x31, 0x34, 0x54, 0x32, 0x30, 0x3A, 0x33, 0x33, 0x3A, 0x30, 0x39, 0x2B, 
0x30, 0x38, 0x3A, 0x30, 0x30, 0x22, 0x20, 0x78, 0x6D, 0x70, 0x4D, 0x4D, 0x3A, 0x49, 0x6E, 0x73, 
0x74, 0x61, 0x6E, 0x63, 0x65, 0x49, 0x44, 0x3D, 0x22, 0x78, 0x6D, 0x70, 0x2E, 0x69, 0x69, 0x64, 
0x3A, 0x63, 0x64, 0x32, 0x36, 0x31, 0x62, 0x35, 0x61, 0x2D, 0x36, 0x65, 0x63, 0x32, 0x2D, 0x35, 
0x33, 0x34, 0x37, 0x2D, 0x38, 0x30, 0x35, 0x66, 0x2D, 0x34, 0x36, 0x35, 0x62, 0x33, 0x36, 0x32, 
0x39, 0x34, 0x61, 0x32, 0x62, 0x22, 0x20, 0x78, 0x6D, 0x70, 0x4D, 0x4D, 0x3A, 0x44, 0x6F, 0x63, 
0x75, 0x6D, 0x65, 0x6E, 0x74, 0x49, 0x44, 0x3D, 0x22, 0x61, 0x64, 0x6F, 0x62, 0x65, 0x3A, 0x64, 
0x6F, 0x63, 0x69, 0x64, 0x3A, 0x70, 0x68, 0x6F, 0x74, 0x6F, 0x73, 0x68, 0x6F, 0x70, 0x3A, 0x66, 
0x36, 0x66, 0x65, 0x64, 0x39, 0x61, 0x62, 0x2D, 0x32, 0x66, 0x39, 0x63, 0x2D, 0x66, 0x64, 0x34, 
0x62, 0x2D, 0x61, 0x38, 0x31, 0x32, 0x2D, 0x64, 0x37, 0x39, 0x33, 0x38, 0x66, 0x30, 0x63, 0x38, 
0x35, 0x61, 0x37, 0x22, 0x20, 0x78, 0x6D, 0x70, 0x4D, 0x4D, 0x3A, 0x4F, 0x72, 0x69, 0x67, 0x69, 
0x6E, 0x61, 0x6C, 0x44, 0x6F, 0x63, 0x75, 0x6D, 0x65, 0x6E, 0x74, 0x49, 0x44, 0x3D, 0x22, 0x78, 
0x6D, 0x70, 0x2E, 0x64, 0x69, 0x64, 0x3A, 0x63, 0x39, 0x33, 0x36, 0x38, 0x66, 0x39, 0x32, 0x2D, 
0x36, 0x30, 0x31, 0x63, 0x2D, 0x65, 0x31, 0x34, 0x37, 0x2D, 0x62, 0x61, 0x36, 0x61, 0x2D, 0x61, 
0x36, 0x66, 0x61, 0x32, 0x30, 0x30, 0x66, 0x39, 0x32, 0x61, 0x39, 0x22, 0x20, 0x64, 0x63, 0x3A, 
0x66, 0x6F, 0x72, 0x6D, 0x61, 0x74, 0x3D, 0x22, 0x69, 0x6D, 0x61, 0x67, 0x65, 0x2F, 0x6A, 0x70, 
0x65, 0x67, 0x22, 0x20, 0x70, 0x68, 0x6F, 0x74, 0x6F, 0x73, 0x68, 0x6F, 0x70, 0x3A, 0x43, 0x6F, 
0x6C, 0x6F, 0x72, 0x4D, 0x6F, 0x64, 0x65, 0x3D, 0x22, 0x33, 0x22, 0x3E, 0x20, 0x3C, 0x78, 0x6D, 
0x70, 0x4D, 0x4D, 0x3A, 0x48, 0x69, 0x73, 0x74, 0x6F, 0x72, 0x79, 0x3E, 0x20, 0x3C, 0x72, 0x64, 
0x66, 0x3A, 0x53, 0x65, 0x71, 0x3E, 0x20, 0x3C, 0x72, 0x64, 0x66, 0x3A, 0x6C, 0x69, 0x20, 0x73, 
0x74, 0x45, 0x76, 0x74, 0x3A, 0x61, 0x63, 0x74, 0x69, 0x6F, 0x6E, 0x3D, 0x22, 0x63, 0x72, 0x65, 
0x61, 0x74, 0x65, 0x64, 0x22, 0x20, 0x73, 0x74, 0x45, 0x76, 0x74, 0x3A, 0x69, 0x6E, 0x73, 0x74, 
0x61, 0x6E, 0x63, 0x65, 0x49, 0x44, 0x3D, 0x22, 0x78, 0x6D, 0x70, 0x2E, 0x69, 0x69, 0x64, 0x3A, 
0x63, 0x39, 0x33, 0x36, 0x38, 0x66, 0x39, 0x32, 0x2D, 0x36, 0x30, 0x31, 0x63, 0x2D, 0x65, 0x31, 
0x34, 0x37, 0x2D, 0x62, 0x61, 0x36, 0x61, 0x2D, 0x61, 0x36, 0x66, 0x61, 0x32, 0x30, 0x30, 0x66, 
0x39, 0x32, 0x61, 0x39, 0x22, 0x20, 0x73, 0x74, 0x45, 0x76, 0x74, 0x3A, 0x77, 0x68, 0x65, 0x6E, 
0x3D, 0x22, 0x32, 0x30, 0x32, 0x34, 0x2D, 0x31, 0x30, 0x2D, 0x31, 0x34, 0x54, 0x32, 0x30, 0x3A, 
0x33, 0x33, 0x3A, 0x30, 0x39, 0x2B, 0x30, 0x38, 0x3A, 0x30, 0x30, 0x22, 0x20, 0x73, 0x74, 0x45, 
0x76, 0x74, 0x3A, 0x73, 0x6F, 0x66, 0x74, 0x77, 0x61, 0x72, 0x65, 0x41, 0x67, 0x65, 0x6E, 0x74, 
0x3D, 0x22, 0x41, 0x64, 0x6F, 0x62, 0x65, 0x20, 0x50, 0x68, 0x6F, 0x74, 0x6F, 0x73, 0x68, 0x6F, 
0x70, 0x20, 0x32, 0x31, 0x2E, 0x30, 0x20, 0x28, 0x57, 0x69, 0x6E, 0x64, 0x6F, 0x77, 0x73, 0x29, 
0x22, 0x2F, 0x3E, 0x20, 0x3C, 0x72, 0x64, 0x66, 0x3A, 0x6C, 0x69, 0x20, 0x73, 0x74, 0x45, 0x76, 
0x74, 0x3A, 0x61, 0x63, 0x74, 0x69, 0x6F, 0x6E, 0x3D, 0x22, 0x73, 0x61, 0x76, 0x65, 0x64, 0x22, 
0x20, 0x73, 0x74, 0x45, 0x76, 0x74, 0x3A, 0x69, 0x6E, 0x73, 0x74, 0x61, 0x6E, 0x63, 0x65, 0x49, 
0x44, 0x3D, 0x22, 0x78, 0x6D, 0x70, 0x2E, 0x69, 0x69, 0x64, 0x3A, 0x63, 0x64, 0x32, 0x36, 0x31, 
0x62, 0x35, 0x61, 0x2D, 0x36, 0x65, 0x63, 0x32, 0x2D, 0x35, 0x33, 0x34, 0x37, 0x2D, 0x38, 0x30, 
0x35, 0x66, 0x2D, 0x34, 0x36, 0x35, 0x62, 0x33, 0x36, 0x32, 0x39, 0x34, 0x61, 0x32, 0x62, 0x22, 
0x20, 0x73, 0x74, 0x45, 0x76, 0x74, 0x3A, 0x77, 0x68, 0x65, 0x6E, 0x3D, 0x22, 0x32, 0x30, 0x32, 
0x34, 0x2D, 0x31, 0x30, 0x2D, 0x31, 0x34, 0x54, 0x32, 0x30, 0x3A, 0x33, 0x33, 0x3A, 0x30, 0x39, 
0x2B, 0x30, 0x38, 0x3A, 0x30, 0x30, 0x22, 0x20, 0x73, 0x74, 0x45, 0x76, 0x74, 0x3A, 0x73, 0x6F, 
0x66, 0x74, 0x77, 0x61, 0x72, 0x65, 0x41, 0x67, 0x65, 0x6E, 0x74, 0x3D, 0x22, 0x41, 0x64, 0x6F, 
0x62, 0x65, 0x20, 0x50, 0x68, 0x6F, 0x74, 0x6F, 0x73, 0x68, 0x6F, 0x70, 0x20, 0x32, 0x31, 0x2E, 
0x30, 0x20, 0x28, 0x57, 0x69, 0x6E, 0x64, 0x6F, 0x77, 0x73, 0x29, 0x22, 0x20, 0x73, 0x74, 0x45, 
0x76, 0x74, 0x3A, 0x63, 0x68, 0x61, 0x6E, 0x67, 0x65, 0x64, 0x3D, 0x22, 0x2F, 0x22, 0x2F, 0x3E, 
0x20, 0x3C, 0x2F, 0x72, 0x64, 0x66, 0x3A, 0x53, 0x65, 0x71, 0x3E, 0x20, 0x3C, 0x2F, 0x78, 0x6D, 
0x70, 0x4D, 0x4D, 0x3A, 0x48, 0x69, 0x73, 0x74, 0x6F, 0x72, 0x79, 0x3E, 0x20, 0x3C, 0x2F, 0x72, 
0x64, 0x66, 0x3A, 0x44, 0x65, 0x73, 0x63, 0x72, 0x69, 0x70, 0x74, 0x69, 0x6F, 0x6E, 0x3E, 0x20, 
0x3C, 0x2F, 0x72, 0x64, 0x66, 0x3A, 0x52, 0x44, 0x46, 0x3E, 0x20, 0x3C, 0x2F, 0x78, 0x3A, 0x78, 
0x6D, 0x70, 0x6D, 0x65, 0x74, 0x61, 0x3E, 0x20, 0x20, 0x20, 0x20, 0x20, 0x20, 0x20, 0x20, 0x20, 
0x20, 0x20, 0x20, 0x20, 0x20, 0x20, 0x20, 0x20, 0x20, 0x20, 0x20, 0x20, 0x20, 0x20, 0x20, 0x20, 
0x20, 0x20, 0x20, 0x20, 0x20, 0x20, 0x20, 0x20, 0x20, 0x20, 0x20, 0x20, 0x20, 0x20, 0x20, 0x20, 
0x20, 0x20, 0x20, 0x20, 0x20, 0x20, 0x20, 0x20, 0x20, 0x20, 0x20, 0x20, 0x20, 0x20, 0x20, 0x20, 
0x20, 0x20, 0x20, 0x20, 0x20, 0x20, 0x20, 0x20, 0x20, 0x20, 0x20, 0x20, 0x20, 0x20, 0x20, 0x20, 
0x20, 0x20, 0x20, 0x20, 0x20, 0x20, 0x20, 0x20, 0x20, 0x20, 0x20, 0x20, 0x20, 0x20, 0x20, 0x20, 
0x20, 0x20, 0x20, 0x20, 0x20, 0x20, 0x20, 0x20, 0x20, 0x20, 0x20, 0x20, 0x20, 0x20, 0x20, 0x20, 
0x20, 0x20, 0x20, 0x20, 0x20, 0x20, 0x20, 0x20, 0x20, 0x20, 0x20, 0x20, 0x20, 0x20, 0x20, 0x20, 
0x20, 0x20, 0x20, 0x20, 0x20, 0x20, 0x20, 0x20, 0x20, 0x20, 0x20, 0x20, 0x20, 0x20, 0x20, 0x20, 
0x20, 0x20, 0x20, 0x20, 0x20, 0x20, 0x20, 0x20, 0x20, 0x20, 0x20, 0x20, 0x20, 0x20, 0x20, 0x20, 
0x20, 0x20, 0x20, 0x20, 0x20, 0x20, 0x20, 0x20, 0x20, 0x20, 0x20, 0x20, 0x20, 0x20, 0x20, 0x20, 
0x20, 0x20, 0x20, 0x20, 0x20, 0x20, 0x20, 0x20, 0x20, 0x20, 0x20, 0x20, 0x20, 0x20, 0x20, 0x20, 
0x20, 0x20, 0x20, 0x20, 0x20, 0x20, 0x20, 0x20, 0x20, 0x20, 0x20, 0x20, 0x20, 0x20, 0x20, 0x20, 
0x20, 0x20, 0x20, 0x20, 0x20, 0x20, 0x20, 0x20, 0x20, 0x20, 0x20, 0x20, 0x20, 0x20, 0x20, 0x20, 
0x20, 0x20, 0x20, 0x20, 0x20, 0x20, 0x20, 0x20, 0x20, 0x20, 0x20, 0x20, 0x20, 0x20, 0x20, 0x20, 
0x20, 0x20, 0x20, 0x20, 0x20, 0x20, 0x20, 0x20, 0x20, 0x20, 0x20, 0x20, 0x20, 0x20, 0x20, 0x20, 
0x20, 0x20, 0x20, 0x20, 0x20, 0x20, 0x20, 0x20, 0x20, 0x20, 0x20, 0x20, 0x20, 0x20, 0x20, 0x20, 
0x20, 0x20, 0x20, 0x20, 0x20, 0x20, 0x20, 0x20, 0x20, 0x20, 0x20, 0x20, 0x20, 0x20, 0x20, 0x20, 
0x20, 0x20, 0x20, 0x20, 0x20, 0x20, 0x20, 0x20, 0x20, 0x20, 0x20, 0x20, 0x20, 0x20, 0x20, 0x20, 
0x20, 0x20, 0x20, 0x20, 0x20, 0x20, 0x20, 0x20, 0x20, 0x20, 0x20, 0x20, 0x20, 0x20, 0x20, 0x20, 
0x20, 0x20, 0x20, 0x20, 0x20, 0x20, 0x20, 0x20, 0x20, 0x20, 0x20, 0x20, 0x20, 0x20, 0x20, 0x20, 
0x20, 0x20, 0x20, 0x20, 0x20, 0x20, 0x20, 0x20, 0x20, 0x20, 0x20, 0x20, 0x20, 0x20, 0x20, 0x20, 
0x20, 0x20, 0x20, 0x20, 0x20, 0x20, 0x20, 0x20, 0x20, 0x20, 0x20, 0x20, 0x20, 0x20, 0x20, 0x20, 
0x20, 0x20, 0x20, 0x20, 0x20, 0x20, 0x20, 0x20, 0x20, 0x20, 0x20, 0x20, 0x20, 0x20, 0x20, 0x20, 
0x20, 0x20, 0x20, 0x20, 0x20, 0x20, 0x20, 0x20, 0x20, 0x20, 0x20, 0x20, 0x20, 0x20, 0x20, 0x20, 
0x20, 0x20, 0x20, 0x20, 0x20, 0x20, 0x20, 0x20, 0x20, 0x20, 0x20, 0x20, 0x20, 0x20, 0x20, 0x20, 
0x20, 0x20, 0x20, 0x20, 0x20, 0x20, 0x20, 0x20, 0x20, 0x20, 0x20, 0x20, 0x20, 0x20, 0x20, 0x20, 
0x20, 0x20, 0x20, 0x20, 0x20, 0x20, 0x20, 0x20, 0x20, 0x20, 0x20, 0x20, 0x20, 0x20, 0x20, 0x20, 
0x20, 0x20, 0x20, 0x20, 0x20, 0x20, 0x20, 0x20, 0x20, 0x20, 0x20, 0x20, 0x20, 0x20, 0x20, 0x20, 
0x20, 0x20, 0x20, 0x20, 0x20, 0x20, 0x20, 0x20, 0x20, 0x20, 0x20, 0x20, 0x20, 0x20, 0x20, 0x20, 
0x20, 0x20, 0x20, 0x20, 0x20, 0x20, 0x20, 0x20, 0x20, 0x20, 0x20, 0x20, 0x20, 0x20, 0x20, 0x20, 
0x20, 0x20, 0x20, 0x20, 0x20, 0x20, 0x20, 0x20, 0x20, 0x20, 0x20, 0x20, 0x20, 0x20, 0x20, 0x20, 
0x20, 0x20, 0x20, 0x20, 0x20, 0x20, 0x20, 0x20, 0x20, 0x20, 0x20, 0x20, 0x20, 0x20, 0x20, 0x20, 
0x20, 0x20, 0x20, 0x20, 0x20, 0x20, 0x20, 0x20, 0x20, 0x20, 0x20, 0x20, 0x20, 0x20, 0x20, 0x20, 
0x20, 0x20, 0x20, 0x20, 0x20, 0x20, 0x20, 0x20, 0x20, 0x20, 0x20, 0x20, 0x20, 0x20, 0x20, 0x20, 
0x20, 0x20, 0x20, 0x20, 0x20, 0x20, 0x20, 0x20, 0x20, 0x20, 0x20, 0x20, 0x20, 0x20, 0x20, 0x20, 
0x20, 0x20, 0x20, 0x20, 0x20, 0x20, 0x20, 0x20, 0x20, 0x20, 0x20, 0x20, 0x20, 0x20, 0x20, 0x20, 
0x20, 0x20, 0x20, 0x20, 0x20, 0x20, 0x20, 0x20, 0x20, 0x20, 0x20, 0x20, 0x20, 0x20, 0x20, 0x20, 
0x20, 0x20, 0x20, 0x20, 0x20, 0x20, 0x20, 0x20, 0x20, 0x20, 0x20, 0x20, 0x20, 0x20, 0x20, 0x20, 
0x20, 0x20, 0x20, 0x20, 0x20, 0x20, 0x20, 0x20, 0x20, 0x20, 0x20, 0x20, 0x20, 0x20, 0x20, 0x20, 
0x20, 0x20, 0x20, 0x20, 0x20, 0x20, 0x20, 0x20, 0x20, 0x20, 0x20, 0x20, 0x20, 0x20, 0x20, 0x20, 
0x20, 0x20, 0x20, 0x20, 0x20, 0x20, 0x20, 0x20, 0x20, 0x20, 0x20, 0x20, 0x20, 0x20, 0x20, 0x20, 
0x20, 0x20, 0x20, 0x20, 0x20, 0x20, 0x20, 0x20, 0x20, 0x20, 0x20, 0x20, 0x20, 0x20, 0x20, 0x20, 
0x20, 0x20, 0x20, 0x20, 0x20, 0x20, 0x20, 0x20, 0x20, 0x20, 0x20, 0x20, 0x20, 0x20, 0x20, 0x20, 
0x20, 0x20, 0x20, 0x20, 0x20, 0x20, 0x20, 0x20, 0x20, 0x20, 0x20, 0x20, 0x20, 0x20, 0x20, 0x20, 
0x20, 0x20, 0x20, 0x20, 0x20, 0x20, 0x20, 0x20, 0x20, 0x20, 0x20, 0x20, 0x20, 0x20, 0x20, 0x20, 
0x20, 0x20, 0x20, 0x20, 0x20, 0x20, 0x20, 0x20, 0x20, 0x20, 0x20, 0x20, 0x20, 0x20, 0x20, 0x20, 
0x20, 0x20, 0x20, 0x20, 0x20, 0x20, 0x20, 0x20, 0x20, 0x20, 0x20, 0x20, 0x20, 0x20, 0x20, 0x20, 
0x20, 0x20, 0x20, 0x20, 0x20, 0x20, 0x20, 0x20, 0x20, 0x20, 0x20, 0x20, 0x20, 0x20, 0x20, 0x20, 
0x20, 0x20, 0x20, 0x20, 0x20, 0x20, 0x20, 0x20, 0x20, 0x20, 0x20, 0x20, 0x20, 0x20, 0x20, 0x20, 
0x20, 0x20, 0x20, 0x20, 0x20, 0x20, 0x20, 0x20, 0x20, 0x20, 0x20, 0x20, 0x20, 0x20, 0x20, 0x20, 
0x20, 0x20, 0x20, 0x20, 0x20, 0x20, 0x20, 0x20, 0x20, 0x20, 0x20, 0x20, 0x20, 0x20, 0x20, 0x20, 
0x20, 0x20, 0x20, 0x20, 0x20, 0x20, 0x20, 0x20, 0x20, 0x20, 0x20, 0x20, 0x20, 0x20, 0x20, 0x20, 
0x20, 0x20, 0x20, 0x20, 0x20, 0x20, 0x20, 0x20, 0x20, 0x20, 0x20, 0x20, 0x20, 0x20, 0x20, 0x20, 
0x20, 0x20, 0x20, 0x20, 0x20, 0x20, 0x20, 0x20, 0x20, 0x20, 0x20, 0x20, 0x20, 0x20, 0x20, 0x20, 
0x20, 0x20, 0x20, 0x20, 0x20, 0x20, 0x20, 0x20, 0x20, 0x20, 0x20, 0x20, 0x20, 0x20, 0x20, 0x20, 
0x20, 0x20, 0x20, 0x20, 0x20, 0x20, 0x20, 0x20, 0x20, 0x20, 0x20, 0x20, 0x20, 0x20, 0x20, 0x20, 
0x20, 0x20, 0x20, 0x20, 0x20, 0x20, 0x20, 0x20, 0x20, 0x20, 0x20, 0x20, 0x20, 0x20, 0x20, 0x20, 
0x20, 0x20, 0x20, 0x20, 0x20, 0x20, 0x20, 0x20, 0x20, 0x20, 0x20, 0x20, 0x20, 0x20, 0x20, 0x20, 
0x20, 0x20, 0x20, 0x20, 0x20, 0x20, 0x20, 0x20, 0x20, 0x20, 0x20, 0x20, 0x20, 0x20, 0x20, 0x20, 
0x20, 0x20, 0x20, 0x20, 0x20, 0x20, 0x20, 0x20, 0x20, 0x20, 0x20, 0x20, 0x20, 0x20, 0x20, 0x20, 
0x20, 0x20, 0x20, 0x20, 0x20, 0x20, 0x20, 0x20, 0x20, 0x20, 0x20, 0x20, 0x20, 0x20, 0x20, 0x20, 
0x20, 0x20, 0x20, 0x20, 0x20, 0x20, 0x20, 0x20, 0x20, 0x20, 0x20, 0x20, 0x20, 0x20, 0x20, 0x20, 
0x20, 0x20, 0x20, 0x20, 0x20, 0x20, 0x20, 0x20, 0x20, 0x20, 0x20, 0x20, 0x20, 0x20, 0x20, 0x20, 
0x20, 0x20, 0x20, 0x20, 0x20, 0x20, 0x20, 0x20, 0x20, 0x20, 0x20, 0x20, 0x20, 0x20, 0x20, 0x20, 
0x20, 0x20, 0x20, 0x20, 0x20, 0x20, 0x20, 0x20, 0x20, 0x20, 0x20, 0x20, 0x20, 0x20, 0x20, 0x20, 
0x20, 0x20, 0x20, 0x20, 0x20, 0x20, 0x20, 0x20, 0x20, 0x20, 0x20, 0x20, 0x20, 0x20, 0x20, 0x20, 
0x20, 0x20, 0x20, 0x20, 0x20, 0x20, 0x20, 0x20, 0x20, 0x20, 0x20, 0x20, 0x20, 0x20, 0x20, 0x20, 
0x20, 0x20, 0x20, 0x20, 0x20, 0x20, 0x20, 0x20, 0x20, 0x20, 0x20, 0x20, 0x20, 0x20, 0x20, 0x20, 
0x20, 0x20, 0x20, 0x20, 0x20, 0x20, 0x20, 0x20, 0x20, 0x20, 0x20, 0x20, 0x20, 0x20, 0x20, 0x20, 
0x20, 0x20, 0x20, 0x20, 0x20, 0x20, 0x20, 0x20, 0x20, 0x20, 0x20, 0x20, 0x20, 0x20, 0x20, 0x20, 
0x20, 0x20, 0x20, 0x20, 0x20, 0x20, 0x20, 0x20, 0x20, 0x20, 0x20, 0x20, 0x20, 0x20, 0x20, 0x20, 
0x20, 0x20, 0x20, 0x20, 0x20, 0x20, 0x20, 0x20, 0x20, 0x20, 0x20, 0x20, 0x20, 0x20, 0x20, 0x20, 
0x20, 0x20, 0x20, 0x20, 0x20, 0x20, 0x20, 0x20, 0x20, 0x20, 0x20, 0x20, 0x20, 0x20, 0x20, 0x20, 
0x20, 0x20, 0x20, 0x20, 0x20, 0x20, 0x20, 0x20, 0x20, 0x20, 0x20, 0x20, 0x20, 0x20, 0x20, 0x20, 
0x20, 0x20, 0x20, 0x20, 0x20, 0x20, 0x20, 0x20, 0x20, 0x20, 0x20, 0x20, 0x20, 0x20, 0x20, 0x20, 
0x20, 0x20, 0x20, 0x20, 0x20, 0x20, 0x20, 0x20, 0x20, 0x20, 0x20, 0x20, 0x20, 0x20, 0x20, 0x20, 
0x20, 0x20, 0x20, 0x20, 0x20, 0x20, 0x20, 0x20, 0x20, 0x20, 0x20, 0x20, 0x20, 0x20, 0x20, 0x20, 
0x20, 0x20, 0x20, 0x20, 0x20, 0x20, 0x20, 0x20, 0x20, 0x20, 0x20, 0x20, 0x20, 0x20, 0x20, 0x20, 
0x20, 0x20, 0x20, 0x20, 0x20, 0x20, 0x20, 0x20, 0x20, 0x20, 0x20, 0x20, 0x20, 0x20, 0x20, 0x20, 
0x20, 0x20, 0x20, 0x20, 0x20, 0x20, 0x20, 0x20, 0x20, 0x20, 0x20, 0x20, 0x20, 0x20, 0x20, 0x20, 
0x20, 0x20, 0x20, 0x20, 0x20, 0x20, 0x20, 0x20, 0x20, 0x20, 0x20, 0x20, 0x20, 0x20, 0x20, 0x20, 
0x20, 0x20, 0x20, 0x20, 0x20, 0x20, 0x20, 0x20, 0x20, 0x20, 0x20, 0x20, 0x20, 0x20, 0x20, 0x20, 
0x20, 0x20, 0x20, 0x20, 0x20, 0x20, 0x20, 0x20, 0x20, 0x20, 0x20, 0x20, 0x20, 0x20, 0x20, 0x20, 
0x20, 0x20, 0x20, 0x20, 0x20, 0x20, 0x20, 0x20, 0x20, 0x20, 0x20, 0x20, 0x20, 0x20, 0x20, 0x20, 
0x20, 0x20, 0x20, 0x20, 0x20, 0x20, 0x20, 0x20, 0x20, 0x20, 0x20, 0x20, 0x20, 0x20, 0x20, 0x20, 
0x20, 0x20, 0x20, 0x20, 0x20, 0x20, 0x20, 0x20, 0x20, 0x20, 0x20, 0x20, 0x20, 0x20, 0x20, 0x20, 
0x20, 0x20, 0x20, 0x20, 0x20, 0x20, 0x20, 0x20, 0x20, 0x20, 0x20, 0x20, 0x20, 0x20, 0x20, 0x20, 
0x20, 0x20, 0x20, 0x20, 0x20, 0x20, 0x20, 0x20, 0x20, 0x20, 0x20, 0x20, 0x20, 0x20, 0x20, 0x20, 
0x20, 0x20, 0x20, 0x20, 0x20, 0x20, 0x20, 0x20, 0x20, 0x20, 0x20, 0x20, 0x20, 0x20, 0x20, 0x20, 
0x20, 0x20, 0x20, 0x20, 0x20, 0x20, 0x20, 0x20, 0x20, 0x20, 0x20, 0x20, 0x20, 0x20, 0x20, 0x20, 
0x20, 0x20, 0x20, 0x20, 0x20, 0x20, 0x20, 0x20, 0x20, 0x20, 0x20, 0x20, 0x20, 0x20, 0x20, 0x20, 
0x20, 0x20, 0x20, 0x20, 0x20, 0x20, 0x20, 0x20, 0x20, 0x20, 0x20, 0x20, 0x20, 0x20, 0x20, 0x20, 
0x20, 0x20, 0x20, 0x20, 0x20, 0x20, 0x20, 0x20, 0x20, 0x20, 0x20, 0x20, 0x20, 0x20, 0x20, 0x20, 
0x20, 0x20, 0x20, 0x20, 0x20, 0x20, 0x20, 0x20, 0x20, 0x20, 0x20, 0x20, 0x20, 0x20, 0x20, 0x20, 
0x20, 0x20, 0x20, 0x20, 0x20, 0x20, 0x20, 0x20, 0x20, 0x20, 0x20, 0x20, 0x20, 0x20, 0x20, 0x20, 
0x20, 0x20, 0x20, 0x20, 0x20, 0x20, 0x20, 0x20, 0x20, 0x20, 0x20, 0x20, 0x20, 0x20, 0x20, 0x20, 
0x20, 0x20, 0x20, 0x20, 0x20, 0x20, 0x20, 0x20, 0x20, 0x20, 0x20, 0x20, 0x20, 0x20, 0x20, 0x20, 
0x20, 0x20, 0x20, 0x20, 0x20, 0x20, 0x20, 0x20, 0x20, 0x20, 0x20, 0x20, 0x20, 0x20, 0x20, 0x20, 
0x20, 0x20, 0x20, 0x20, 0x20, 0x20, 0x20, 0x20, 0x20, 0x20, 0x20, 0x20, 0x20, 0x20, 0x20, 0x20, 
0x20, 0x20, 0x20, 0x20, 0x20, 0x20, 0x20, 0x20, 0x20, 0x20, 0x20, 0x20, 0x20, 0x20, 0x20, 0x20, 
0x20, 0x20, 0x20, 0x20, 0x20, 0x20, 0x20, 0x20, 0x20, 0x20, 0x20, 0x20, 0x20, 0x20, 0x20, 0x20, 
0x20, 0x20, 0x20, 0x20, 0x20, 0x20, 0x20, 0x20, 0x20, 0x20, 0x20, 0x20, 0x20, 0x20, 0x20, 0x20, 
0x20, 0x20, 0x20, 0x20, 0x20, 0x20, 0x20, 0x20, 0x20, 0x20, 0x20, 0x20, 0x20, 0x20, 0x20, 0x20, 
0x20, 0x20, 0x20, 0x20, 0x20, 0x20, 0x20, 0x20, 0x20, 0x20, 0x20, 0x20, 0x20, 0x20, 0x20, 0x20, 
0x20, 0x20, 0x20, 0x20, 0x20, 0x20, 0x20, 0x20, 0x20, 0x20, 0x20, 0x20, 0x20, 0x20, 0x20, 0x20, 
0x20, 0x20, 0x20, 0x20, 0x20, 0x20, 0x20, 0x20, 0x20, 0x20, 0x20, 0x20, 0x20, 0x20, 0x20, 0x20, 
0x20, 0x20, 0x20, 0x20, 0x20, 0x20, 0x20, 0x20, 0x20, 0x20, 0x20, 0x20, 0x20, 0x20, 0x20, 0x20, 
0x20, 0x20, 0x20, 0x20, 0x20, 0x20, 0x20, 0x20, 0x20, 0x20, 0x20, 0x20, 0x20, 0x20, 0x20, 0x20, 
0x20, 0x20, 0x20, 0x20, 0x20, 0x20, 0x20, 0x20, 0x20, 0x20, 0x20, 0x20, 0x20, 0x20, 0x20, 0x20, 
0x20, 0x20, 0x20, 0x20, 0x20, 0x20, 0x20, 0x20, 0x20, 0x20, 0x20, 0x20, 0x20, 0x20, 0x20, 0x20, 
0x20, 0x20, 0x20, 0x20, 0x20, 0x20, 0x20, 0x20, 0x20, 0x20, 0x20, 0x20, 0x20, 0x20, 0x20, 0x20, 
0x20, 0x20, 0x20, 0x20, 0x20, 0x20, 0x20, 0x20, 0x20, 0x20, 0x20, 0x20, 0x20, 0x20, 0x20, 0x20, 
0x20, 0x20, 0x20, 0x20, 0x20, 0x20, 0x20, 0x20, 0x20, 0x20, 0x20, 0x20, 0x20, 0x20, 0x20, 0x20, 
0x20, 0x20, 0x20, 0x20, 0x20, 0x20, 0x20, 0x20, 0x20, 0x20, 0x20, 0x20, 0x20, 0x20, 0x20, 0x20, 
0x20, 0x20, 0x20, 0x20, 0x20, 0x20, 0x20, 0x20, 0x20, 0x20, 0x20, 0x20, 0x20, 0x20, 0x20, 0x20, 
0x20, 0x20, 0x20, 0x20, 0x20, 0x20, 0x20, 0x20, 0x20, 0x20, 0x20, 0x20, 0x20, 0x20, 0x20, 0x20, 
0x20, 0x20, 0x20, 0x20, 0x20, 0x20, 0x20, 0x20, 0x20, 0x20, 0x20, 0x20, 0x20, 0x20, 0x20, 0x20, 
0x20, 0x20, 0x20, 0x20, 0x20, 0x20, 0x20, 0x20, 0x20, 0x20, 0x20, 0x20, 0x20, 0x20, 0x20, 0x20, 
0x20, 0x20, 0x20, 0x20, 0x20, 0x20, 0x20, 0x20, 0x20, 0x20, 0x20, 0x20, 0x20, 0x20, 0x20, 0x20, 
0x20, 0x20, 0x20, 0x20, 0x20, 0x20, 0x20, 0x20, 0x20, 0x20, 0x20, 0x20, 0x20, 0x20, 0x20, 0x20, 
0x20, 0x20, 0x20, 0x20, 0x20, 0x20, 0x20, 0x20, 0x20, 0x20, 0x20, 0x20, 0x20, 0x20, 0x20, 0x20, 
0x20, 0x20, 0x20, 0x20, 0x20, 0x20, 0x20, 0x20, 0x20, 0x20, 0x20, 0x20, 0x20, 0x20, 0x20, 0x20, 
0x20, 0x20, 0x20, 0x20, 0x20, 0x20, 0x20, 0x20, 0x20, 0x20, 0x20, 0x20, 0x20, 0x20, 0x20, 0x20, 
0x20, 0x20, 0x20, 0x20, 0x20, 0x20, 0x20, 0x20, 0x20, 0x20, 0x20, 0x20, 0x20, 0x20, 0x20, 0x20, 
0x20, 0x20, 0x20, 0x20, 0x20, 0x20, 0x20, 0x20, 0x20, 0x20, 0x20, 0x20, 0x20, 0x20, 0x20, 0x20, 
0x20, 0x20, 0x20, 0x20, 0x20, 0x20, 0x20, 0x20, 0x20, 0x20, 0x20, 0x20, 0x20, 0x20, 0x20, 0x20, 
0x20, 0x20, 0x20, 0x20, 0x20, 0x20, 0x20, 0x20, 0x20, 0x20, 0x20, 0x20, 0x20, 0x20, 0x20, 0x20, 
0x20, 0x20, 0x20, 0x20, 0x20, 0x20, 0x20, 0x20, 0x3C, 0x3F, 0x78, 0x70, 0x61, 0x63, 0x6B, 0x65, 
0x74, 0x20, 0x65, 0x6E, 0x64, 0x3D, 0x22, 0x77, 0x22, 0x3F, 0x3E, 0xFF, 0xEE, 0x00, 0x0E, 0x41, 
0x64, 0x6F, 0x62, 0x65, 0x00, 0x64, 0x00, 0x00, 0x00, 0x00, 0x01, 0xFF, 0xDB, 0x00, 0x84, 0x00, 
0x06, 0x04, 0x04, 0x04, 0x05, 0x04, 0x06, 0x05, 0x05, 0x06, 0x09, 0x06, 0x05, 0x06, 0x09, 0x0B, 
0x08, 0x06, 0x06, 0x08, 0x0B, 0x0C, 0x0A, 0x0A, 0x0B, 0x0A, 0x0A, 0x0C, 0x10, 0x0C, 0x0C, 0x0C, 
0x0C, 0x0C, 0x0C, 0x10, 0x0C, 0x0C, 0x0C, 0x0C, 0x0C, 0x0C, 0x0C, 0x0C, 0x0C, 0x0C, 0x0C, 0x0C, 
0x0C, 0x0C, 0x0C, 0x0C, 0x0C, 0x0C, 0x0C, 0x0C, 0x0C, 0x0C, 0x0C, 0x0C, 0x0C, 0x0C, 0x0C, 0x0C, 
0x01, 0x07, 0x07, 0x07, 0x0D, 0x0C, 0x0D, 0x18, 0x10, 0x10, 0x18, 0x14, 0x0E, 0x0E, 0x0E, 0x14, 
0x14, 0x0E, 0x0E, 0x0E, 0x0E, 0x14, 0x11, 0x0C, 0x0C, 0x0C, 0x0C, 0x0C, 0x11, 0x11, 0x0C, 0x0C, 
0x0C, 0x0C, 0x0C, 0x0C, 0x11, 0x0C, 0x0C, 0x0C, 0x0C, 0x0C, 0x0C, 0x0C, 0x0C, 0x0C, 0x0C, 0x0C, 
0x0C, 0x0C, 0x0C, 0x0C, 0x0C, 0x0C, 0x0C, 0x0C, 0x0C, 0x0C, 0x0C, 0x0C, 0x0C, 0x0C, 0x0C, 0x0C, 
0x0C, 0xFF, 0xC0, 0x00, 0x11, 0x08, 0x00, 0xF0, 0x01, 0x18, 0x03, 0x01, 0x11, 0x00, 0x02, 0x11, 
0x01, 0x03, 0x11, 0x01, 0xFF, 0xDD, 0x00, 0x04, 0x00, 0x23, 0xFF, 0xC4, 0x01, 0xA2, 0x00, 0x00, 
0x00, 0x07, 0x01, 0x01, 0x01, 0x01, 0x01, 0x00, 0x00, 0x00, 0x00, 0x00, 0x00, 0x00, 0x00, 0x04, 
0x05, 0x03, 0x02, 0x06, 0x01, 0x00, 0x07, 0x08, 0x09, 0x0A, 0x0B, 0x01, 0x00, 0x02, 0x02, 0x03, 
0x01, 0x01, 0x01, 0x01, 0x01, 0x00, 0x00, 0x00, 0x00, 0x00, 0x00, 0x00, 0x01, 0x00, 0x02, 0x03, 
0x04, 0x05, 0x06, 0x07, 0x08, 0x09, 0x0A, 0x0B, 0x10, 0x00, 0x02, 0x01, 0x03, 0x03, 0x02, 0x04, 
0x02, 0x06, 0x07, 0x03, 0x04, 0x02, 0x06, 0x02, 0x73, 0x01, 0x02, 0x03, 0x11, 0x04, 0x00, 0x05, 
0x21, 0x12, 0x31, 0x41, 0x51, 0x06, 0x13, 0x61, 0x22, 0x71, 0x81, 0x14, 0x32, 0x91, 0xA1, 0x07, 
0x15, 0xB1, 0x42, 0x23, 0xC1, 0x52, 0xD1, 0xE1, 0x33, 0x16, 0x62, 0xF0, 0x24, 0x72, 0x82, 0xF1, 
0x25, 0x43, 0x34, 0x53, 0x92, 0xA2, 0xB2, 0x63, 0x73, 0xC2, 0x35, 0x44, 0x27, 0x93, 0xA3, 0xB3, 
0x36, 0x17, 0x54, 0x64, 0x74, 0xC3, 0xD2, 0xE2, 0x08, 0x26, 0x83, 0x09, 0x0A, 0x18, 0x19, 0x84, 
0x94, 0x45, 0x46, 0xA4, 0xB4, 0x56, 0xD3, 0x55, 0x28, 0x1A, 0xF2, 0xE3, 0xF3, 0xC4, 0xD4, 0xE4, 
0xF4, 0x65, 0x75, 0x85, 0x95, 0xA5, 0xB5, 0xC5, 0xD5, 0xE5, 0xF5, 0x66, 0x76, 0x86, 0x96, 0xA6, 
0xB6, 0xC6, 0xD6, 0xE6, 0xF6, 0x37, 0x47, 0x57, 0x67, 0x77, 0x87, 0x97, 0xA7, 0xB7, 0xC7, 0xD7, 
0xE7, 0xF7, 0x38, 0x48, 0x58, 0x68, 0x78, 0x88, 0x98, 0xA8, 0xB8, 0xC8, 0xD8, 0xE8, 0xF8, 0x29, 
0x39, 0x49, 0x59, 0x69, 0x79, 0x89, 0x99, 0xA9, 0xB9, 0xC9, 0xD9, 0xE9, 0xF9, 0x2A, 0x3A, 0x4A, 
0x5A, 0x6A, 0x7A, 0x8A, 0x9A, 0xAA, 0xBA, 0xCA, 0xDA, 0xEA, 0xFA, 0x11, 0x00, 0x02, 0x02, 0x01, 
0x02, 0x03, 0x05, 0x05, 0x04, 0x05, 0x06, 0x04, 0x08, 0x03, 0x03, 0x6D, 0x01, 0x00, 0x02, 0x11, 
0x03, 0x04, 0x21, 0x12, 0x31, 0x41, 0x05, 0x51, 0x13, 0x61, 0x22, 0x06, 0x71, 0x81, 0x91, 0x32, 
0xA1, 0xB1, 0xF0, 0x14, 0xC1, 0xD1, 0xE1, 0x23, 0x42, 0x15, 0x52, 0x62, 0x72, 0xF1, 0x33, 0x24, 
0x34, 0x43, 0x82, 0x16, 0x92, 0x53, 0x25, 0xA2, 0x63, 0xB2, 0xC2, 0x07, 0x73, 0xD2, 0x35, 0xE2, 
0x44, 0x83, 0x17, 0x54, 0x93, 0x08, 0x09, 0x0A, 0x18, 0x19, 0x26, 0x36, 0x45, 0x1A, 0x27, 0x64, 
0x74, 0x55, 0x37, 0xF2, 0xA3, 0xB3, 0xC3, 0x28, 0x29, 0xD3, 0xE3, 0xF3, 0x84, 0x94, 0xA4, 0xB4, 
0xC4, 0xD4, 0xE4, 0xF4, 0x65, 0x75, 0x85, 0x95, 0xA5, 0xB5, 0xC5, 0xD5, 0xE5, 0xF5, 0x46, 0x56, 
0x66, 0x76, 0x86, 0x96, 0xA6, 0xB6, 0xC6, 0xD6, 0xE6, 0xF6, 0x47, 0x57, 0x67, 0x77, 0x87, 0x97, 
0xA7, 0xB7, 0xC7, 0xD7, 0xE7, 0xF7, 0x38, 0x48, 0x58, 0x68, 0x78, 0x88, 0x98, 0xA8, 0xB8, 0xC8, 
0xD8, 0xE8, 0xF8, 0x39, 0x49, 0x59, 0x69, 0x79, 0x89, 0x99, 0xA9, 0xB9, 0xC9, 0xD9, 0xE9, 0xF9, 
0x2A, 0x3A, 0x4A, 0x5A, 0x6A, 0x7A, 0x8A, 0x9A, 0xAA, 0xBA, 0xCA, 0xDA, 0xEA, 0xFA, 0xFF, 0xDA, 
0x00, 0x0C, 0x03, 0x01, 0x00, 0x02, 0x11, 0x03, 0x11, 0x00, 0x3F, 0x00, 0xF2, 0xAE, 0x2A, 0xEC, 
0x55, 0xD8, 0xAB, 0xB1, 0x56, 0xB1, 0x57, 0x62, 0xAD, 0xE2, 0xAE, 0xC5, 0x5D, 0x8A, 0xBB, 0x15, 
0x76, 0x2A, 0xD6, 0x2A, 0xEC, 0x55, 0xD8, 0xAB, 0x78, 0xAB, 0xB1, 0x57, 0x62, 0xAE, 0xC5, 0x5D, 
0x8A, 0xBB, 0x15, 0x76, 0x2A, 0xEC, 0x55, 0xD8, 0xAB, 0xB1, 0x56, 0xB1, 0x56, 0xF1, 0x57, 0x62, 
0xAE, 0xC5, 0x5D, 0x8A, 0xBB, 0x15, 0x6B, 0x15, 0x76, 0x2A, 0xEC, 0x55, 0xBC, 0x55, 0xD8, 0xAB, 
0xFF, 0xD0, 0xF2, 0xA6, 0x2A, 0xDE, 0x2A, 0xEC, 0x55, 0xD8, 0xAB, 0xB1, 0x57, 0x62, 0xAE, 0xC5, 
0x5D, 0x8A, 0xBB, 0x15, 0x76, 0x2A, 0xD6, 0x2A, 0xEC, 0x55, 0xBC, 0x55, 0xD8, 0xAB, 0xB1, 0x56, 
0xB1, 0x56, 0xF1, 0x57, 0x62, 0xAE, 0xC5, 0x5D, 0x8A, 0xBB, 0x15, 0x76, 0x2A, 0xEC, 0x55, 0xD8, 
0xAB, 0x58, 0xAB, 0x78, 0xAB, 0x58, 0xAB, 0x78, 0xAB, 0xB1, 0x57, 0x62, 0xAE, 0xC5, 0x5D, 0x8A, 
0xBB, 0x15, 0x76, 0x2A, 0xEC, 0x55, 0xFF, 0xD1, 0xF2, 0xA6, 0x2A, 0xDE, 0x2A, 0xEC, 0x55, 0xD8, 
0xAB, 0xB1, 0x57, 0x62, 0xAE, 0xC5, 0x5D, 0x8A, 0xBB, 0x15, 0x76, 0x2A, 0xD6, 0x2A, 0xDE, 0x2A, 
0xEC, 0x55, 0xD8, 0xAB, 0xB1, 0x57, 0x62, 0xAE, 0xC5, 0x5D, 0x8A, 0xBB, 0x15, 0x76, 0x2A, 0xEC, 
0x55, 0xD8, 0xAB, 0x58, 0xAB, 0x78, 0xAB, 0xB1, 0x57, 0x62, 0xAD, 0x62, 0xAE, 0xC5, 0x5B, 0xC5, 
0x5D, 0x8A, 0xB5, 0x8A, 0xBB, 0x15, 0x6F, 0x15, 0x76, 0x2A, 0xEC, 0x55, 0xFF, 0xD2, 0xF2, 0xA6, 
0x2A, 0xEC, 0x55, 0xBC, 0x55, 0xD8, 0xAB, 0xB1, 0x57, 0x62, 0xAE, 0xC5, 0x5D, 0x8A, 0xBB, 0x15, 
0x76, 0x2A, 0xEC, 0x55, 0xD8, 0xAB, 0xB1, 0x57, 0x62, 0xAE, 0xC5, 0x5D, 0x8A, 0xB5, 0x8A, 0xB7, 
0x8A, 0xBB, 0x15, 0x76, 0x2A, 0xEC, 0x55, 0xD8, 0xAB, 0xB1, 0x56, 0xB1, 0x56, 0xF1, 0x57, 0x62, 
0xAE, 0xC5, 0x5D, 0x8A, 0xBB, 0x15, 0x76, 0x2A, 0xEC, 0x55, 0xAC, 0x55, 0xBC, 0x55, 0xD8, 0xAB, 
0xB1, 0x57, 0xFF, 0xD3, 0xF2, 0xA6, 0x2A, 0xEC, 0x55, 0xBC, 0x55, 0xD8, 0xAB, 0xB1, 0x57, 0x62, 
0xAE, 0xC5, 0x5D, 0x8A, 0xBB, 0x15, 0x6F, 0x15, 0x6B, 0x15, 0x6F, 0x15, 0x6B, 0x15, 0x76, 0x2A, 
0xEC, 0x55, 0xAC, 0x55, 0xBC, 0x55, 0xD8, 0xAB, 0xB1, 0x57, 0x62, 0xAD, 0x62, 0xAD, 0xE2, 0xAE, 
0xC5, 0x5A, 0xC5, 0x5B, 0xC5, 0x5D, 0x8A, 0xBB, 0x15, 0x76, 0x2A, 0xEC, 0x55, 0xD8, 0xAB, 0xB1, 
0x57, 0x62, 0xAE, 0xC5, 0x5D, 0x8A, 0xB5, 0x8A, 0xBF, 0xFF, 0xD4, 0xF2, 0xAE, 0x2A, 0xEC, 0x55, 
0xD8, 0xAB, 0xB1, 0x57, 0x62, 0xAE, 0xC5, 0x5D, 0x8A, 0xB7, 0x8A, 0xBB, 0x15, 0x76, 0x2A, 0xEC, 
0x55, 0xD8, 0xAB, 0xB1, 0x57, 0x62, 0xAD, 0x62, 0xAE, 0xC5, 0x5D, 0x8A, 0xBB, 0x15, 0x76, 0x2A, 
0xEC, 0x55, 0xAC, 0x55, 0xBC, 0x55, 0xD8, 0xAB, 0xB1, 0x57, 0x53, 0x15, 0x76, 0x2A, 0xDE, 0x2A, 
0xEC, 0x55, 0xD8, 0xAB, 0xB1, 0x56, 0xB1, 0x57, 0x62, 0xAE, 0xC5, 0x5A, 0xC5, 0x5D, 0x8A, 0xBF, 
0xFF, 0xD5, 0xF2, 0xAE, 0x2A, 0xEC, 0x55, 0xD8, 0xAB, 0xB1, 0x57, 0x62, 0xAD, 0xE2, 0xAE, 0xC5, 
0x5D, 0x8A, 0xBB, 0x15, 0x76, 0x2A, 0xEC, 0x55, 0xD8, 0xAB, 0xB1, 0x57, 0x62, 0xAE, 0xC5, 0x5D, 
0x8A, 0xBB, 0x15, 0x6B, 0x15, 0x76, 0x2A, 0xEC, 0x55, 0xAC, 0x55, 0xBC, 0x55, 0xD8, 0xAB, 0xB1, 
0x56, 0xF1, 0x57, 0x62, 0xAE, 0xC5, 0x5D, 0x8A, 0xBB, 0x15, 0x76, 0x2A, 0xEC, 0x55, 0xAC, 0x55, 
0xD8, 0xAB, 0x58, 0xAB, 0x78, 0xAB, 0xFF, 0xD6, 0xF2, 0xAE, 0x2A, 0xEC, 0x55, 0xD8, 0xAB, 0xB1, 
0x57, 0x62, 0xAD, 0xE2, 0xAE, 0xC5, 0x5D, 0x8A, 0xBB, 0x15, 0x76, 0x2A, 0xEC, 0x55, 0xD8, 0xAB, 
0xB1, 0x57, 0x62, 0xAE, 0xC5, 0x5D, 0x8A, 0xBB, 0x15, 0x76, 0x2A, 0xEC, 0x55, 0xAC, 0x55, 0xD8, 
0xAB, 0xB1, 0x57, 0x62, 0xAD, 0xE2, 0xAE, 0xC5, 0x5D, 0x8A, 0xBB, 0x15, 0x76, 0x2A, 0xEC, 0x55, 
0xD8, 0xAB, 0xB1, 0x57, 0x62, 0xAD, 0x62, 0xAE, 0xC5, 0x5D, 0x8A, 0xBF, 0xFF, 0xD7, 0xF2, 0xAE, 
0x2A, 0xEC, 0x55, 0xD8, 0xAB, 0xB1, 0x57, 0x62, 0xAD, 0xE2, 0xAE, 0xC5, 0x5D, 0x8A, 0xBB, 0x15, 
0x76, 0x2A, 0xEC, 0x55, 0xD8, 0xAB, 0xB1, 0x57, 0x62, 0xAE, 0xC5, 0x5D, 0x8A, 0xBB, 0x15, 0x76, 
0x2A, 0xEC, 0x55, 0xA3, 0x8A, 0xBB, 0x15, 0x6F, 0x15, 0x76, 0x2A, 0xEC, 0x55, 0xD8, 0xAB, 0xB1, 
0x57, 0x62, 0xAE, 0xC5, 0x5D, 0x8A, 0xBB, 0x15, 0x76, 0x2A, 0xEC, 0x55, 0xD8, 0xAB, 0x58, 0xAB, 
0xB1, 0x57, 0xFF, 0xD0, 0xF2, 0xAE, 0x2A, 0xEC, 0x55, 0xD8, 0xAB, 0x86, 0x2A, 0xDE, 0x2A, 0xEC, 
0x55, 0xD8, 0xAB, 0xB1, 0x57, 0x6D, 0x8A, 0xA6, 0x5E, 0x5C, 0xF2, 0xF6, 0xAD, 0xE6, 0x3D, 0x6E, 
0xD3, 0x44, 0xD1, 0xE0, 0xFA, 0xC6, 0xA3, 0x7A, 0xFC, 0x20, 0x8A, 0xA1, 0x41, 0x20, 0x16, 0x24, 
0xB1, 0xD8, 0x2A, 0xA8, 0x2C, 0xC7, 0x15, 0x4F, 0x66, 0xFC, 0xA7, 0xF3, 0xD4, 0x3E, 0x77, 0x8B, 
0xC9, 0x52, 0x69, 0xC4, 0x6B, 0xD3, 0xFC, 0x51, 0x45, 0xC9, 0x7D, 0x36, 0x8F, 0x89, 0x6F, 0x54, 
0x49, 0xF6, 0x7D, 0x3E, 0x20, 0xFC, 0x58, 0xAA, 0xF8, 0xFF, 0x00, 0x28, 0xBC, 0xF9, 0x27, 0x9E, 
0x5B, 0xC9, 0x0B, 0xA7, 0xD7, 0x5E, 0x40, 0x5D, 0xA3, 0xE4, 0x3D, 0x21, 0x10, 0x5E, 0x5E, 0xAF, 
0xAB, 0xF6, 0x7D, 0x2A, 0x7E, 0xDE, 0x2A, 0xA7, 0x63, 0xF9, 0x53, 0xE7, 0xAB, 0xDF, 0x3A, 0x5C, 
0xF9, 0x36, 0xDF, 0x4E, 0x2F, 0xAE, 0xD9, 0x93, 0xF5, 0xA8, 0xB9, 0x28, 0x8E, 0x35, 0x50, 0x0F, 
0xA8, 0xD2, 0x57, 0x80, 0x8C, 0x86, 0x5E, 0x2D, 0xFB, 0x5C, 0xB1, 0x54, 0x87, 0xCC, 0x1A, 0x06, 
0xAB, 0xE5, 0xFD, 0x66, 0xEF, 0x46, 0xD5, 0xA0, 0x36, 0xDA, 0x8D, 0x93, 0xFA, 0x77, 0x10, 0x92, 
0x0D, 0x0D, 0x2A, 0x28, 0x45, 0x41, 0x04, 0x1A, 0x8C, 0x55, 0x2F, 0xC5, 0x5D, 0x4C, 0x55, 0xD8, 
0xAB, 0xB1, 0x57, 0x62, 0xAE, 0xC5, 0x5D, 0x8A, 0xBB, 0x15, 0x76, 0x2A, 0xEC, 0x55, 0xD8, 0xAB, 
0xB1, 0x57, 0x53, 0x15, 0x64, 0x1E, 0x52, 0xF2, 0x0F, 0x9B, 0xFC, 0xDB, 0x72, 0x60, 0xF2, 0xF6, 
0x97, 0x35, 0xF9, 0x42, 0x04, 0xB2, 0xA0, 0xE3, 0x12, 0x57, 0xF9, 0xE4, 0x6A, 0x22, 0xFF, 0x00, 
0xC1, 0x62, 0xA9, 0xE7, 0x9B, 0x7F, 0x23, 0xFF, 0x00, 0x33, 0x3C, 0xAB, 0xA7, 0x36, 0xA5, 0xAA, 
0xE9, 0x0D, 0xFA, 0x3E, 0x31, 0x59, 0xAE, 0x6D, 0xDD, 0x27, 0x58, 0xC7, 0x8B, 0xF0, 0x25, 0x94, 
0x7F, 0x95, 0x4E, 0x38, 0xAB, 0x03, 0xC5, 0x5D, 0x8A, 0xBB, 0x15, 0x76, 0x2A, 0xD6, 0x2A, 0xEC, 
0x55, 0xFF, 0xD1, 0xF2, 0xAE, 0x2A, 0xEC, 0x55, 0xD8, 0xAB, 0x86, 0x2A, 0xDE, 0x2A, 0xE1, 0x8A, 
0xB7, 0x8A, 0xB3, 0xFF, 0x00, 0xC9, 0x3F, 0x25, 0x69, 0x7E, 0x6B, 0xF3, 0x99, 0x87, 0x58, 0x05, 
0xF4, 0x7D, 0x2E, 0xD6, 0x6D, 0x4B, 0x50, 0x85, 0x4F, 0x16, 0x96, 0x3B, 0x70, 0x3F, 0x76, 0x08, 
0xFE, 0x66, 0x65, 0xE5, 0xFE, 0x4E, 0x2A, 0xF4, 0xED, 0x3B, 0xF3, 0x03, 0xCD, 0xDA, 0xAE, 0x89, 
0xAA, 0xEB, 0x7E, 0x53, 0xFC, 0xBE, 0xD0, 0xA3, 0xF2, 0xB6, 0x8B, 0xF0, 0xB0, 0x92, 0xD9, 0x64, 
0x95, 0x23, 0x51, 0x5F, 0x15, 0xF5, 0x19, 0x13, 0xE3, 0x93, 0x8A, 0xFC, 0x38, 0xDA, 0xA5, 0xDE, 
0x56, 0xFF, 0x00, 0x9C, 0x94, 0xB9, 0xB3, 0xD7, 0x2D, 0x27, 0xD4, 0x3C, 0xB5, 0xA5, 0x47, 0x62, 
0xAC, 0x45, 0xC3, 0xE9, 0xB6, 0x82, 0x2B, 0xA5, 0x46, 0x04, 0x16, 0x89, 0xAB, 0xD7, 0xDB, 0xF6, 
0xB0, 0x5A, 0xAA, 0x6A, 0xBF, 0x9E, 0xFA, 0x3C, 0xDF, 0x9D, 0xDA, 0x6F, 0x9C, 0xED, 0xF4, 0xEB, 
0xA3, 0xA1, 0xD8, 0xDA, 0x36, 0x9F, 0x22, 0xBA, 0x05, 0xB8, 0x74, 0x91, 0x5C, 0x3C, 0x81, 0x6B, 
0x4F, 0x85, 0x9F, 0xE1, 0x4E, 0x5F, 0xB3, 0x85, 0x57, 0xDB, 0x7E, 0x7D, 0x68, 0xE9, 0xF9, 0xDB, 
0x3F, 0x9C, 0xDB, 0x4E, 0xB9, 0x1A, 0x1C, 0xD6, 0x03, 0x4C, 0xE2, 0x14, 0x1B, 0x80, 0x8B, 0x42, 
0x25, 0xE3, 0x5E, 0x3B, 0xB8, 0xFB, 0x1C, 0xBE, 0xCE, 0x05, 0x53, 0xF2, 0xC7, 0xE7, 0x9E, 0x8D, 
0x63, 0xF9, 0xCF, 0xAF, 0x79, 0xC2, 0xF3, 0x4F, 0xB9, 0x4D, 0x1B, 0x59, 0x80, 0x5A, 0xA0, 0x45, 
0x0D, 0x3C, 0x6B, 0x10, 0x41, 0x1B, 0xB2, 0xD6, 0x8D, 0xCB, 0xD3, 0xF8, 0x94, 0x37, 0xED, 0x62, 
0xAA, 0x5E, 0x68, 0xFF, 0x00, 0x9C, 0x95, 0xBE, 0xBB, 0xD7, 0x6E, 0xE6, 0xD3, 0xBC, 0xBB, 0xA4, 
0xBD, 0x83, 0x3D, 0x2D, 0x64, 0xD4, 0x2C, 0xC4, 0x97, 0x4C, 0x80, 0x50, 0x19, 0x5B, 0x97, 0xDA, 
0x38, 0x55, 0x17, 0xE4, 0x3F, 0xCC, 0xED, 0x37, 0xCF, 0xFE, 0x67, 0xB4, 0xF2, 0x6F, 0x9A, 0x3C, 
0xA5, 0xA3, 0xBD, 0x86, 0xB4, 0x5A, 0xDC, 0x5D, 0x59, 0x5B, 0xFD, 0x5A, 0x78, 0x5F, 0x83, 0x32, 
0xC8, 0xAC, 0x09, 0xE8, 0x57, 0xB7, 0x1C, 0x0A, 0xF2, 0x9B, 0x3F, 0xCB, 0x4F, 0x30, 0xEB, 0x3E, 
0x6D, 0xD6, 0xFC, 0xBD, 0xE5, 0xD8, 0x3E, 0xBD, 0x36, 0x8E, 0xF7, 0x2C, 0xE5, 0x9D, 0x23, 0xFD, 
0xCD, 0xBC, 0x85, 0x39, 0x55, 0x88, 0x1C, 0x8E, 0xDF, 0x0E, 0x15, 0x62, 0x0C, 0xA4, 0x12, 0xA4, 
0x50, 0x83, 0x42, 0x3E, 0x58, 0xAB, 0x58, 0xAB, 0xB1, 0x57, 0x62, 0xAE, 0xC5, 0x5D, 0x8A, 0xBB, 
0x15, 0x76, 0x2A, 0xEC, 0x55, 0xBC, 0x55, 0xEE, 0x5F, 0x94, 0x1F, 0xF3, 0x8D, 0x5A, 0xBF, 0x99, 
0x3D, 0x0D, 0x67, 0xCD, 0x6B, 0x26, 0x99, 0xA1, 0x35, 0x1E, 0x1B, 0x4F, 0xB1, 0x75, 0x72, 0xBD, 
0x7A, 0x1D, 0xE1, 0x88, 0xFF, 0x00, 0x33, 0x7C, 0x6D, 0xFB, 0x1F, 0xCD, 0x8A, 0xBE, 0xB2, 0xD1, 
0x74, 0x4D, 0x27, 0x44, 0xD3, 0x61, 0xD3, 0x34, 0x9B, 0x48, 0xAC, 0xAC, 0x2D, 0xD7, 0x8C, 0x56, 
0xF0, 0xAF, 0x15, 0x1E, 0xE7, 0xF9, 0x98, 0xF7, 0x66, 0xF8, 0xB1, 0x54, 0x4C, 0xF0, 0xDB, 0xCF, 
0x0C, 0x90, 0xDC, 0xA2, 0xC9, 0x6F, 0x2A, 0xB2, 0x4C, 0x8E, 0x01, 0x56, 0x46, 0x14, 0x60, 0xC0, 
0xF6, 0xA6, 0x05, 0x7E, 0x70, 0xF9, 0x82, 0x1B, 0x38, 0x75, 0xED, 0x4A, 0x1B, 0x2A, 0x7D, 0x4E, 
0x2B, 0xA9, 0xD2, 0xDA, 0x86, 0xA3, 0xD2, 0x59, 0x18, 0x25, 0x0F, 0xFA, 0xB8, 0x55, 0x2F, 0xC5, 
0x5D, 0x8A, 0xBB, 0x15, 0x6B, 0x15, 0x76, 0x2A, 0xFF, 0x00, 0xFF, 0xD2, 0xF2, 0xAE, 0x2A, 0xD6, 
0x2A, 0xDE, 0x2A, 0xDE, 0x2A, 0xEC, 0x55, 0xBC, 0x55, 0xD8, 0xAB, 0xD8, 0xBF, 0xE7, 0x19, 0xAB, 
0xFE, 0x21, 0xF3, 0x49, 0xEC, 0x3C, 0xBB, 0x7B, 0x5F, 0xBD, 0x31, 0x54, 0xA3, 0xF2, 0xBE, 0xF3, 
0xCD, 0xFA, 0xAE, 0xA1, 0x1F, 0x91, 0x34, 0x7D, 0x5A, 0x6B, 0x0D, 0x33, 0xCC, 0x52, 0x84, 0xD4, 
0x63, 0x8E, 0x9C, 0x7D, 0x30, 0xB5, 0x95, 0xEB, 0x4E, 0x43, 0xF7, 0x4A, 0x47, 0xC2, 0x57, 0x9F, 
0xD9, 0x6C, 0x56, 0x99, 0x7D, 0xD7, 0xE6, 0x4D, 0xF6, 0x95, 0xAC, 0xC9, 0xE5, 0x0F, 0xCA, 0x2F, 
0x2E, 0xDB, 0x2D, 0xAD, 0x93, 0xBC, 0x62, 0xEB, 0xEA, 0x82, 0xFA, 0xFA, 0xED, 0xA2, 0xF8, 0x5E, 
0x67, 0x67, 0x06, 0x8B, 0xC8, 0x60, 0x54, 0x5F, 0xF8, 0xCB, 0xFE, 0x72, 0x7C, 0x75, 0xF2, 0xEB, 
0x9F, 0x9E, 0x91, 0x0F, 0xF4, 0xC2, 0xAE, 0xFF, 0x00, 0x1A, 0x7F, 0xCE, 0x4F, 0x0F, 0xFA, 0x67, 
0x5F, 0xE5, 0xFA, 0x22, 0x1F, 0xE9, 0x8A, 0xB6, 0x3C, 0xE7, 0xFF, 0x00, 0x39, 0x3C, 0x7F, 0xE9, 
0x9D, 0x6F, 0xFB, 0x84, 0x43, 0xFD, 0x30, 0x2A, 0x57, 0x0F, 0xE7, 0x36, 0xB3, 0xFA, 0x6B, 0xFC, 
0x3B, 0xF9, 0xA3, 0xE5, 0xEB, 0x2B, 0xCD, 0x2E, 0x66, 0x10, 0x6A, 0x10, 0xB5, 0x92, 0x5A, 0xDE, 
0x5B, 0x87, 0xDB, 0xD5, 0x8D, 0x97, 0x89, 0xAA, 0xD7, 0x97, 0xFC, 0x45, 0xB0, 0xAA, 0xEF, 0x29, 
0xF9, 0x25, 0x3C, 0x9D, 0xFF, 0x00, 0x39, 0x33, 0xA3, 0xE8, 0x70, 0x4A, 0xD3, 0xD8, 0xC7, 0x76, 
0x27, 0xB1, 0x9D, 0xBE, 0xD3, 0x5B, 0xCD, 0x03, 0xC9, 0x1F, 0x2F, 0xF2, 0x80, 0x3C, 0x4E, 0x25, 
0x42, 0x79, 0xF9, 0x12, 0x4F, 0xFC, 0xAE, 0x5F, 0x3F, 0xB7, 0xFC, 0x51, 0x7E, 0x7F, 0xE9, 0xE7, 
0x15, 0x7C, 0xE7, 0x71, 0xFD, 0xFC, 0xBF, 0xEB, 0xB7, 0xEB, 0x38, 0xAA, 0x9E, 0x2A, 0xD6, 0x2A, 
0xEC, 0x55, 0xD4, 0xC5, 0x5D, 0x8A, 0xB8, 0x0C, 0x55, 0xD8, 0xAA, 0x61, 0xA1, 0xE8, 0x3A, 0xCE, 
0xBD, 0xA9, 0x45, 0xA6, 0x68, 0xF6, 0x72, 0xDF, 0x5F, 0x4E, 0x69, 0x1C, 0x10, 0xA9, 0x66, 0xF9, 
0x9E, 0xCA, 0xA3, 0xBB, 0x37, 0xC3, 0x8A, 0xBE, 0xB3, 0xFC, 0x9F, 0xFF, 0x00, 0x9C, 0x6D, 0xD1, 
0xFC, 0xB0, 0x20, 0xD6, 0x7C, 0xD0, 0xB1, 0xEA, 0x7E, 0x60, 0x5A, 0x3C, 0x76, 0xC7, 0xE3, 0xB5, 
0xB6, 0x6F, 0x60, 0x76, 0x9A, 0x41, 0xFC, 0xED, 0xF0, 0xAF, 0xEC, 0x7F, 0x36, 0x05, 0x7B, 0x7E, 
0x2A, 0xEC, 0x2A, 0xF0, 0x8F, 0xCF, 0x4F, 0xCF, 0x6D, 0x3B, 0x4F, 0xB0, 0xBC, 0xF2, 0xBF, 0x96, 
0x2E, 0x05, 0xCE, 0xAD, 0x3A, 0xB4, 0x17, 0xD7, 0xF1, 0x9A, 0xC7, 0x6C, 0xAC, 0x28, 0xE8, 0x8C, 
0x3E, 0xDC, 0xC4, 0x7C, 0x3B, 0x7F, 0x77, 0xFE, 0xB6, 0x2A, 0xF9, 0x19, 0x97, 0x8B, 0x11, 0xE1, 
0x8A, 0xB5, 0x8A, 0xB5, 0x8A, 0xBB, 0x15, 0x76, 0x2A, 0xD6, 0x2A, 0xFF, 0x00, 0xFF, 0xD3, 0xF2, 
0xA6, 0x2A, 0xEC, 0x55, 0xB1, 0x8A, 0xB7, 0x8A, 0xBB, 0x15, 0x6C, 0x62, 0xAE, 0xC5, 0x5F, 0x44, 
0x7E, 0x41, 0xFE, 0x63, 0xFE, 0x4C, 0x79, 0x5B, 0xCA, 0x92, 0xC7, 0xAD, 0xC2, 0xF6, 0x9E, 0x64, 
0x9B, 0xD6, 0x87, 0x51, 0xBA, 0x30, 0x49, 0x3F, 0xD6, 0x2D, 0xA4, 0x60, 0x55, 0x14, 0xA5, 0x42, 
0xA5, 0x36, 0x64, 0xA2, 0xFD, 0x9C, 0x55, 0x26, 0xFC, 0xAA, 0xBA, 0xF2, 0xFD, 0xCF, 0xE7, 0xF8, 
0xB8, 0xF2, 0xE4, 0x0D, 0x6D, 0xA1, 0x4A, 0xD7, 0xAD, 0xA6, 0xC0, 0xC0, 0x82, 0xB1, 0x7D, 0x5D, 
0xA9, 0xB1, 0x24, 0x8F, 0x61, 0x8A, 0xA7, 0xBF, 0xF3, 0x8A, 0x52, 0x45, 0x17, 0x9C, 0xFC, 0xD7, 
0x73, 0x27, 0xFB, 0xA6, 0xC8, 0xB9, 0x7E, 0xE1, 0x44, 0xEC, 0x5E, 0x9F, 0x30, 0x30, 0x05, 0x49, 
0x7C, 0xC5, 0xFF, 0x00, 0x39, 0x6B, 0xF9, 0x89, 0x3E, 0xAF, 0x72, 0xDA, 0x22, 0xDA, 0xD8, 0x69, 
0x61, 0xCA, 0xDA, 0xC1, 0x24, 0x22, 0x69, 0x38, 0x03, 0x40, 0xCE, 0xEC, 0x7E, 0xDB, 0x77, 0xE3, 
0xF0, 0xE1, 0x54, 0xB4, 0xFF, 0x00, 0xCE, 0x56, 0x7E, 0x6F, 0xD3, 0xFD, 0xEB, 0xB3, 0x1E, 0xE2, 
0xD5, 0x3F, 0xAE, 0x2A, 0xF5, 0x3F, 0xC8, 0x8F, 0xF9, 0xC8, 0x7F, 0x30, 0x79, 0xC3, 0xCC, 0x9F, 
0xE1, 0xAF, 0x32, 0xC5, 0x01, 0xBA, 0x9E, 0x29, 0x25, 0xB2, 0xBD, 0xB7, 0x53, 0x1D, 0x5A, 0x21, 
0xC9, 0xA3, 0x74, 0xA9, 0x5F, 0xB1, 0xC8, 0xAB, 0x2F, 0xF2, 0xE2, 0xAC, 0x17, 0xFE, 0x72, 0xE9, 
0x51, 0x7F, 0x31, 0x74, 0xB9, 0x00, 0x01, 0xDF, 0x4D, 0x8F, 0x9B, 0x77, 0x34, 0x95, 0xC0, 0xAF, 
0xD1, 0x8A, 0xA3, 0x7F, 0x30, 0x3C, 0xC9, 0x69, 0xE5, 0x6F, 0xF9, 0xC8, 0x5F, 0x2D, 0xEB, 0xFA, 
0x8A, 0xBF, 0xD4, 0x2C, 0xEC, 0xF4, 0xF9, 0x27, 0x65, 0x15, 0x6F, 0x49, 0xAD, 0xCC, 0x6C, 0xEA, 
0x3F, 0x6B, 0x8F, 0x2A, 0xFF, 0x00, 0xB1, 0xC5, 0x53, 0x9D, 0x11, 0x7F, 0x2F, 0xFF, 0x00, 0x2F, 
0x35, 0xBF, 0x34, 0xF9, 0xE8, 0x79, 0xC2, 0xCF, 0x58, 0xB6, 0xD6, 0xA0, 0x9D, 0x74, 0xCD, 0x32, 
0xD2, 0x8D, 0x74, 0xED, 0x72, 0xFE, 0xA8, 0x57, 0x50, 0x7E, 0x1E, 0x2D, 0xF0, 0xF4, 0xFF, 0x00, 
0x5B, 0x15, 0x7C, 0xC4, 0xEC, 0x59, 0xD9, 0x8E, 0xC5, 0x89, 0x34, 0xF9, 0x9A, 0xE2, 0xAB, 0x71, 
0x56, 0xB1, 0x57, 0x62, 0xAD, 0xE2, 0x86, 0xA9, 0x8A, 0x5E, 0xB5, 0xF9, 0x45, 0xFF, 0x00, 0x38, 
0xF9, 0xE6, 0x3F, 0x3B, 0xC9, 0x16, 0xA5, 0xA8, 0x87, 0xD2, 0xBC, 0xB7, 0x5A, 0xFD, 0x69, 0x96, 
0x93, 0x5C, 0x0F, 0xE5, 0xB7, 0x46, 0xED, 0xFF, 0x00, 0x16, 0xB7, 0xC1, 0xFE, 0xBE, 0x2A, 0xFA, 
0x5B, 0xC9, 0xB0, 0x7E, 0x4D, 0xE9, 0x3A, 0xAC, 0x9E, 0x46, 0xF2, 0xEA, 0x58, 0x36, 0xAD, 0x67, 
0x0F, 0xA9, 0x73, 0x6E, 0x11, 0x66, 0x95, 0x82, 0x9A, 0x37, 0xA9, 0x33, 0x06, 0xF5, 0x24, 0x1D, 
0x5D, 0x39, 0x7C, 0x1F, 0xCB, 0x8A, 0xB3, 0x7B, 0x2D, 0x23, 0x49, 0xB1, 0x77, 0x92, 0xC6, 0xCA, 
0xDE, 0xD5, 0xE4, 0xDA, 0x47, 0x82, 0x24, 0x8C, 0xB0, 0xF7, 0x28, 0x05, 0x71, 0x54, 0x5E, 0x2A, 
0x83, 0xD5, 0xF5, 0x9D, 0x2B, 0x46, 0xD3, 0xE6, 0xD4, 0x75, 0x5B, 0xA8, 0xEC, 0xEC, 0x60, 0x15, 
0x96, 0x79, 0x5B, 0x8A, 0x8F, 0x6F, 0x76, 0x3D, 0x94, 0x62, 0xAF, 0x97, 0xBF, 0x36, 0x3F, 0xE7, 
0x22, 0x75, 0x2F, 0x30, 0x7A, 0xFA, 0x3F, 0x95, 0x8C, 0x9A, 0x7E, 0x88, 0xD5, 0x49, 0xAE, 0xCF, 
0xC3, 0x73, 0x70, 0xBE, 0xDF, 0xEF, 0x98, 0xCF, 0x80, 0xF8, 0xDB, 0x15, 0x78, 0x93, 0xB6, 0xC4, 
0x9C, 0x55, 0x2A, 0x90, 0xD5, 0xC9, 0xF7, 0xC5, 0x56, 0x1C, 0x0A, 0xEC, 0x2A, 0xEC, 0x55, 0xD8, 
0xAB, 0x58, 0xAB, 0xFF, 0xD4, 0xF2, 0xA6, 0x2A, 0xEC, 0x55, 0xB1, 0x8A, 0xB7, 0x8A, 0xBB, 0x15, 
0x6F, 0x15, 0x76, 0x2A, 0xFA, 0x1F, 0xF2, 0x1B, 0xF3, 0x0B, 0x49, 0xD1, 0xBC, 0x99, 0x26, 0x9E, 
0xDE, 0x46, 0xBC, 0xD6, 0xAE, 0x62, 0x9E, 0x46, 0x9F, 0x52, 0xB3, 0xB7, 0x49, 0xD6, 0x40, 0xF4, 
0x2A, 0x92, 0x33, 0xA9, 0x20, 0xA0, 0xDB, 0x8F, 0xF2, 0xE2, 0xA9, 0x1F, 0xE5, 0x2E, 0xA1, 0x6F, 
0xA8, 0xFE, 0x7E, 0x8B, 0xFB, 0x6B, 0x11, 0xA6, 0x41, 0x75, 0x26, 0xA1, 0x24, 0x7A, 0x78, 0x14, 
0x10, 0x03, 0x03, 0xFE, 0xEE, 0x94, 0x14, 0xE3, 0xDF, 0x6C, 0x55, 0x37, 0xFF, 0x00, 0x9C, 0x62, 
0x3F, 0xF3, 0xB0, 0xF9, 0xDF, 0xFE, 0xD9, 0x73, 0x7F, 0xC4, 0xDF, 0x15, 0x78, 0xE7, 0x90, 0x74, 
0x1D, 0x3F, 0xCC, 0x1E, 0x77, 0xD1, 0xF4, 0x5D, 0x46, 0xE3, 0xEA, 0xB6, 0x37, 0xF7, 0x69, 0x0D, 
0xC4, 0xF5, 0x0A, 0x42, 0xB1, 0xE8, 0x09, 0xD8, 0x33, 0x7D, 0x85, 0xFF, 0x00, 0x5B, 0x15, 0x7D, 
0x13, 0xF9, 0xF1, 0xF9, 0x1F, 0xF9, 0x67, 0xE5, 0xEF, 0xCB, 0x8B, 0x9D, 0x6B, 0x47, 0xB5, 0xFD, 
0x13, 0xA8, 0xE9, 0xED, 0x12, 0xC0, 0xDE, 0xAB, 0xB8, 0xB8, 0xE6, 0xE1, 0x0C, 0x4E, 0xB2, 0x33, 
0x72, 0x7E, 0x24, 0xB8, 0x65, 0xF8, 0xBE, 0x1C, 0x55, 0xE5, 0x5F, 0xF3, 0x8C, 0x8B, 0xCB, 0xF3, 
0x8B, 0x49, 0xF6, 0x86, 0xEC, 0xFF, 0x00, 0xD3, 0xBB, 0xE2, 0xAC, 0x8F, 0xFE, 0x72, 0xF7, 0xFE, 
0x53, 0xFD, 0x2F, 0xC3, 0xF4, 0x6A, 0x7F, 0xC9, 0xD7, 0xC5, 0x5D, 0xE5, 0xCF, 0x37, 0xDC, 0x79, 
0xB3, 0xCB, 0xB6, 0x16, 0x7E, 0x65, 0xF2, 0x04, 0xFE, 0x73, 0x3A, 0x4C, 0x62, 0xDA, 0xCF, 0x57, 
0xB4, 0x32, 0xC5, 0x3A, 0xC4, 0xA3, 0x68, 0xA4, 0x91, 0x05, 0x1F, 0x8F, 0xFA, 0xD8, 0xAA, 0x3C, 
0xE9, 0x3E, 0x4E, 0x8F, 0x77, 0xFC, 0x96, 0xD6, 0x3D, 0xEB, 0x73, 0x70, 0x70, 0x2B, 0xC0, 0xB5, 
0x11, 0x18, 0xBF, 0xB9, 0x11, 0xC0, 0xD6, 0xD1, 0xFA, 0xAF, 0xC2, 0xD9, 0x89, 0x2D, 0x12, 0xF2, 
0x34, 0x8C, 0x93, 0xB9, 0x29, 0xF6, 0x70, 0xAA, 0x1F, 0x02, 0xBB, 0x0A, 0xBB, 0x02, 0xB8, 0x61, 
0x57, 0xD3, 0x5F, 0xF3, 0x8F, 0x5F, 0x90, 0x7A, 0x15, 0xF6, 0x8F, 0x63, 0xE7, 0x4F, 0x32, 0xA0, 
0xBE, 0x37, 0x24, 0xCB, 0xA6, 0x69, 0x8C, 0x3F, 0x72, 0xAA, 0x8C, 0x54, 0x49, 0x30, 0xFF, 0x00, 
0x76, 0x33, 0x15, 0xAA, 0xA7, 0xD8, 0xFE, 0x6E, 0x58, 0xAB, 0xD1, 0x3F, 0x3A, 0xE1, 0xFC, 0xDC, 
0xBD, 0x87, 0x4E, 0xD0, 0x3C, 0x83, 0x6E, 0x90, 0xD8, 0x6A, 0x21, 0xA1, 0xD4, 0x75, 0x24, 0x61, 
0x1B, 0xDB, 0x81, 0xB0, 0x5A, 0xFF, 0x00, 0xBA, 0x61, 0xE1, 0xFE, 0xEC, 0x8D, 0x79, 0xFE, 0xC2, 
0xF1, 0xFD, 0xA5, 0x51, 0x1F, 0x94, 0x5F, 0x91, 0xFA, 0x07, 0x90, 0x22, 0x37, 0xCE, 0xFF, 0x00, 
0xA4, 0x7C, 0xC9, 0x70, 0x85, 0x2E, 0xB5, 0x27, 0x1F, 0x0A, 0x86, 0xDD, 0x92, 0x15, 0x3F, 0x65, 
0x49, 0xFB, 0x4E, 0x7E, 0x37, 0xC5, 0x5E, 0x97, 0x81, 0x58, 0xB7, 0xE6, 0x37, 0xE6, 0x16, 0x8F, 
0xE4, 0x5F, 0x2F, 0x36, 0xAF, 0xA8, 0x29, 0x9A, 0x49, 0x1B, 0xD2, 0xB2, 0xB3, 0x43, 0x46, 0x9A, 
0x52, 0x2B, 0xC6, 0xBF, 0xB2, 0xA0, 0x0A, 0xBB, 0x7E, 0xCE, 0x15, 0x7C, 0x77, 0xE7, 0xFF, 0x00, 
0xCC, 0xBF, 0x34, 0x79, 0xDF, 0x51, 0xFA, 0xCE, 0xAF, 0x71, 0x4B, 0x68, 0xC9, 0x36, 0xBA, 0x7C, 
0x55, 0x58, 0x21, 0x07, 0xC1, 0x7F, 0x69, 0xBC, 0x64, 0x6F, 0x8B, 0x15, 0x62, 0x45, 0xBB, 0x9C, 
0x55, 0x07, 0x73, 0x70, 0x0D, 0x55, 0x71, 0x54, 0x26, 0x29, 0x68, 0xE2, 0x87, 0x62, 0xAE, 0xC5, 
0x5D, 0x8A, 0xB5, 0x8A, 0xBF, 0xFF, 0xD5, 0xF2, 0xA6, 0x2A, 0xDE, 0x2A, 0xE1, 0x8A, 0xB7, 0x8A, 
0xBB, 0x15, 0x6F, 0x15, 0x76, 0x2A, 0xFA, 0x63, 0xFE, 0x71, 0xFB, 0xCE, 0x9F, 0x9A, 0x56, 0x5E, 
0x44, 0x36, 0x1E, 0x5D, 0xF2, 0x8C, 0x5A, 0xB6, 0x99, 0x6B, 0x3C, 0xAD, 0x15, 0xFB, 0x4B, 0xF5, 
0x6E, 0x72, 0x39, 0xE4, 0xC8, 0x49, 0x20, 0x4A, 0xCA, 0x7B, 0xAF, 0xFA, 0xB8, 0xAB, 0x19, 0xFC, 
0xB1, 0xBD, 0xD5, 0xEF, 0xBF, 0xE7, 0x22, 0x1A, 0xF3, 0x59, 0xB4, 0x16, 0x3A, 0xAC, 0xF2, 0xDF, 
0xC9, 0x7B, 0x66, 0x17, 0x88, 0x8A, 0x43, 0x6E, 0xF5, 0x4A, 0x1F, 0x0C, 0x54, 0xA6, 0x7F, 0xF3, 
0x8B, 0x36, 0xEF, 0x73, 0xE6, 0xAF, 0x38, 0xC0, 0xA4, 0x07, 0x9B, 0x4F, 0x92, 0x25, 0x27, 0xA0, 
0x32, 0x4C, 0xCA, 0x2B, 0xF7, 0xE2, 0xAF, 0x0D, 0xF3, 0x07, 0x97, 0x35, 0xDF, 0x2E, 0xEB, 0x17, 
0x1A, 0x66, 0xAD, 0x69, 0x2D, 0x9D, 0xFD, 0xB3, 0x90, 0xC8, 0xEA, 0x47, 0x43, 0x40, 0xE8, 0x7F, 
0x69, 0x4D, 0x3E, 0x17, 0x5C, 0x55, 0xDA, 0x9F, 0x98, 0xBC, 0xCD, 0xAB, 0x41, 0x15, 0xBE, 0xA9, 
0xA9, 0x5E, 0x5F, 0xC1, 0x07, 0xF7, 0x31, 0x5C, 0x4D, 0x2C, 0xAA, 0x9B, 0x53, 0xE1, 0x57, 0x24, 
0x0C, 0x55, 0xEB, 0x9F, 0xF3, 0x8A, 0x9E, 0x51, 0xD6, 0xEE, 0x7F, 0x30, 0x53, 0xCC, 0x1F, 0x55, 
0x92, 0x3D, 0x2B, 0x4E, 0xB7, 0x9C, 0x49, 0x74, 0xEA, 0x55, 0x1A, 0x49, 0x90, 0xC6, 0xA8, 0x84, 
0xFD, 0xA6, 0xF8, 0x8B, 0x1A, 0x7F, 0x2E, 0x2A, 0x89, 0xFF, 0x00, 0x9C, 0xBF, 0x5A, 0xFE, 0x60, 
0x69, 0x43, 0xC7, 0x4D, 0x4F, 0xF9, 0x3C, 0xF8, 0xAA, 0x6D, 0xE7, 0xFD, 0x53, 0xCE, 0x96, 0xBE, 
0x68, 0xF2, 0xA7, 0xE5, 0xB7, 0x92, 0xAF, 0xE5, 0xD2, 0x2C, 0xCE, 0x9F, 0x64, 0xB6, 0xF0, 0x5A, 
0xC8, 0x6D, 0xC3, 0x4D, 0x70, 0x9C, 0xA4, 0x96, 0x57, 0x4F, 0x8D, 0xBA, 0x72, 0x38, 0x15, 0x31, 
0xB8, 0xF2, 0xAF, 0x9A, 0xE4, 0x4D, 0x56, 0xCB, 0xCB, 0x5F, 0x9A, 0xF7, 0x9A, 0xAF, 0x9A, 0xB4, 
0x38, 0x9A, 0x6B, 0xED, 0x24, 0xC9, 0x32, 0x03, 0xE9, 0xFD, 0xB5, 0x49, 0x0B, 0xB0, 0xAA, 0x9F, 
0x87, 0xF6, 0xBE, 0x2C, 0x55, 0xF3, 0x25, 0xC4, 0xD3, 0x4F, 0x71, 0x2C, 0xD3, 0xB3, 0x3C, 0xD2, 
0xBB, 0x3C, 0xAE, 0xC6, 0xAC, 0xCE, 0xC6, 0xAC, 0x49, 0xF1, 0x27, 0x0A, 0xA9, 0xE2, 0x97, 0x62, 
0xAE, 0xC5, 0x0F, 0x49, 0xFC, 0xA7, 0xFC, 0x8D, 0xF3, 0x47, 0x9F, 0xEE, 0x16, 0xE4, 0x03, 0xA7, 
0x79, 0x79, 0x1A, 0x93, 0xEA, 0x92, 0xAF, 0xDA, 0xA7, 0x55, 0x81, 0x4D, 0x3D, 0x57, 0xF7, 0xFB, 
0x0B, 0x8A, 0xBE, 0xD0, 0xF2, 0xE6, 0x99, 0xA1, 0xF9, 0x6B, 0x4B, 0xD3, 0x7C, 0xAB, 0x63, 0x70, 
0xA3, 0xEA, 0x56, 0xD4, 0xB5, 0xB7, 0x96, 0x45, 0x37, 0x0F, 0x14, 0x66, 0x8D, 0x21, 0x5D, 0x98, 
0x8E, 0x4D, 0xBB, 0x01, 0xC7, 0x15, 0x4E, 0x31, 0x56, 0xF1, 0x55, 0x39, 0xE7, 0x82, 0xDE, 0x19, 
0x27, 0x9E, 0x45, 0x8A, 0x08, 0x94, 0xBC, 0xB2, 0xB9, 0x0A, 0xAA, 0xA3, 0x72, 0x58, 0x9D, 0x80, 
0xC5, 0x5F, 0x24, 0x7F, 0xCE, 0x44, 0x7E, 0x67, 0x68, 0xFE, 0x6E, 0xD5, 0xEC, 0x74, 0xED, 0x11, 
0xCC, 0xFA, 0x76, 0x93, 0xEA, 0xF2, 0xBB, 0xE8, 0x92, 0xCD, 0x25, 0x01, 0x31, 0x8E, 0xE8, 0xA1, 
0x76, 0x6F, 0xDA, 0xC5, 0x5E, 0x3D, 0x24, 0x8A, 0xA2, 0xA4, 0xE2, 0xA8, 0x19, 0xAE, 0x4B, 0x1A, 
0x0D, 0x86, 0x2A, 0x87, 0x27, 0x14, 0xBB, 0x02, 0x1A, 0x38, 0x55, 0xD8, 0xAB, 0xB1, 0x57, 0x62, 
0xAD, 0x62, 0xAF, 0xFF, 0xD6, 0xF2, 0xAE, 0x2A, 0xEC, 0x55, 0xC3, 0x15, 0x6F, 0x15, 0x76, 0x2A, 
0xDE, 0x2A, 0xEC, 0x55, 0xF4, 0x7F, 0xFC, 0xE3, 0x2F, 0xE6, 0x0F, 0x99, 0x63, 0xB2, 0xD4, 0x7C, 
0xB4, 0x64, 0x8E, 0x4D, 0x2B, 0x4D, 0xD3, 0xAE, 0xF5, 0x1B, 0x25, 0x64, 0x1C, 0xE3, 0x95, 0x48, 
0x6A, 0x72, 0x1F, 0x69, 0x0B, 0x35, 0x78, 0x9C, 0x6D, 0x58, 0x7F, 0xE5, 0x47, 0x9C, 0x67, 0xD5, 
0x3F, 0x3D, 0x34, 0xED, 0x7B, 0x5E, 0xB8, 0x41, 0x73, 0xAA, 0xCF, 0x34, 0x77, 0x13, 0xD0, 0x22, 
0x09, 0x2E, 0x21, 0x68, 0x93, 0x6E, 0x8A, 0x2B, 0xC5, 0x71, 0x54, 0x77, 0xE5, 0xD7, 0x9A, 0xDB, 
0xF2, 0x77, 0xF3, 0x3F, 0x5E, 0xB2, 0xF3, 0x3D, 0x84, 0xE6, 0x29, 0xD5, 0xED, 0xE4, 0xF4, 0x80, 
0xE6, 0x00, 0x97, 0xD4, 0x8A, 0x54, 0x0D, 0x41, 0x24, 0x6E, 0x3C, 0x0E, 0x2A, 0xF5, 0x99, 0x7F, 
0xE7, 0x29, 0xFF, 0x00, 0x2B, 0xA4, 0x20, 0xCB, 0x61, 0x7D, 0x21, 0x1B, 0x02, 0xD0, 0x44, 0xC6, 
0x9F, 0x4B, 0x60, 0x55, 0xA3, 0xFE, 0x72, 0x8F, 0xF2, 0xA7, 0xFE, 0xAD, 0x97, 0xBF, 0xF4, 0x8D, 
0x0F, 0xFC, 0xD5, 0x8A, 0xAB, 0x27, 0xFC, 0xE5, 0x6F, 0xE5, 0x92, 0xA8, 0x55, 0xB4, 0xD4, 0x51, 
0x47, 0x45, 0x10, 0xC6, 0x07, 0xE0, 0xF8, 0xAB, 0xC2, 0x7F, 0x37, 0x3C, 0xE4, 0x7F, 0x35, 0x7F, 
0x31, 0x6C, 0x3F, 0xC3, 0xB6, 0x13, 0x71, 0x68, 0xE2, 0xB0, 0xB0, 0x81, 0xC0, 0x33, 0x48, 0x79, 
0x96, 0x2E, 0xCA, 0xB5, 0x0A, 0x2A, 0xDF, 0xEC, 0x57, 0x0A, 0xBD, 0x0B, 0x53, 0xB8, 0x81, 0xFF, 
0x00, 0xE7, 0x29, 0x7C, 0xB7, 0x67, 0x1C, 0x82, 0x47, 0xD3, 0x16, 0xCE, 0xCA, 0x76, 0x53, 0x50, 
0x25, 0x86, 0xD5, 0x83, 0x8F, 0xA2, 0xB8, 0xAB, 0x5F, 0x92, 0xC3, 0x97, 0xE7, 0x0F, 0x9F, 0x49, 
0xED, 0x6F, 0x7F, 0xBF, 0xCE, 0xE3, 0x02, 0xBE, 0x6D, 0x9F, 0xFB, 0xF9, 0x3F, 0xD7, 0x6F, 0xD7, 
0x85, 0x56, 0x62, 0x9B, 0x5D, 0x1C, 0x72, 0x4B, 0x22, 0xC7, 0x12, 0x33, 0xC8, 0xE4, 0x2A, 0x22, 
0x82, 0x59, 0x98, 0x9A, 0x00, 0x00, 0xEA, 0x4E, 0x28, 0x7D, 0x23, 0xF9, 0x3D, 0xFF, 0x00, 0x38, 
0xBD, 0x2C, 0xE6, 0x0D, 0x73, 0xCF, 0x91, 0x98, 0xE0, 0xDA, 0x4B, 0x7D, 0x06, 0xB4, 0x76, 0x1D, 
0x41, 0xB9, 0x61, 0xF6, 0x57, 0xFE, 0x2A, 0x1F, 0x17, 0xF3, 0xFF, 0x00, 0x2E, 0x2A, 0xCF, 0x3C, 
0xE3, 0xF9, 0xC8, 0x60, 0xBE, 0x4F, 0x23, 0x7E, 0x56, 0xE9, 0xE9, 0xAC, 0x79, 0x85, 0x47, 0xA3, 
0xEA, 0x40, 0xA0, 0xD8, 0x58, 0xA8, 0xDA, 0xA4, 0xAD, 0x23, 0x6E, 0x1F, 0xF2, 0x29, 0x3F, 0x6B, 
0x97, 0xD8, 0xC0, 0xA9, 0xBF, 0xE5, 0xB7, 0xE5, 0x22, 0xF9, 0x6A, 0xF6, 0x6F, 0x36, 0xF9, 0xAB, 
0x53, 0x7D, 0x67, 0xCE, 0x57, 0x11, 0xB7, 0xD6, 0xB5, 0x39, 0x9C, 0x88, 0x60, 0x47, 0x1F, 0x14, 
0x71, 0x03, 0x41, 0xC6, 0x9F, 0x0F, 0x36, 0xFF, 0x00, 0x60, 0xA9, 0x8A, 0xBD, 0x2C, 0x50, 0x80, 
0x46, 0xE0, 0xEE, 0x08, 0xF0, 0xC5, 0x52, 0x7F, 0x35, 0xF9, 0xBB, 0x40, 0xF2, 0xAE, 0x91, 0x26, 
0xAB, 0xAD, 0xDD, 0x2D, 0xB5, 0xAC, 0x7B, 0x22, 0xF5, 0x92, 0x47, 0xEC, 0x91, 0xA7, 0x57, 0x73, 
0x85, 0x5F, 0x23, 0xFE, 0x69, 0xFE, 0x76, 0x79, 0x87, 0xCE, 0xF3, 0xBD, 0xA4, 0x45, 0xB4, 0xFF, 
0x00, 0x2F, 0xAB, 0x7E, 0xEB, 0x4F, 0x43, 0xF1, 0x49, 0x4E, 0x8D, 0x3B, 0x0F, 0xB6, 0xDF, 0xE4, 
0x7D, 0x85, 0xC5, 0x5E, 0x65, 0x3C, 0xC1, 0x16, 0xBD, 0xFB, 0x62, 0xA9, 0x7C, 0x92, 0xB3, 0x9C, 
0x55, 0x4F, 0x14, 0x87, 0x62, 0x82, 0xD5, 0x71, 0x57, 0x62, 0xAE, 0xC5, 0x5D, 0x8A, 0xB4, 0x71, 
0x57, 0x62, 0xAF, 0xFF, 0xD7, 0xF2, 0xAE, 0x2A, 0xEC, 0x55, 0xC3, 0x15, 0x6F, 0x15, 0x76, 0x2A, 
0xDE, 0x2A, 0xE3, 0x8A, 0xBD, 0x97, 0xFE, 0x71, 0x96, 0xE1, 0x25, 0xF3, 0x76, 0xA9, 0xA6, 0x02, 
0x05, 0xD6, 0xA3, 0xA3, 0x5E, 0xDB, 0x59, 0xA1, 0x34, 0xE7, 0x29, 0x0A, 0xC1, 0x7E, 0x7C, 0x55, 
0xB1, 0x57, 0x93, 0xDF, 0xDA, 0xEA, 0x5A, 0x56, 0xA8, 0xF6, 0xB7, 0x90, 0x4B, 0x69, 0x79, 0x6C, 
0xFC, 0x64, 0x86, 0x45, 0x28, 0xEA, 0xCA, 0x7C, 0x0E, 0xF8, 0xAB, 0xD5, 0xF4, 0xBF, 0xCF, 0x4D, 
0x4E, 0x5D, 0x3A, 0x0B, 0x3F, 0x33, 0xE8, 0x7A, 0x6F, 0x9A, 0xD6, 0xD5, 0x04, 0x76, 0xB7, 0x1A, 
0x94, 0x55, 0xB9, 0x45, 0x1F, 0xB2, 0x65, 0x50, 0x59, 0xC7, 0xFA, 0xD8, 0x2D, 0x6D, 0x5C, 0xFE, 
0x73, 0xF9, 0x69, 0x4F, 0xFE, 0x4B, 0x6D, 0x00, 0xD3, 0xAF, 0xC2, 0xFF, 0x00, 0xD3, 0x15, 0x65, 
0xFA, 0x2F, 0x9C, 0x3C, 0x9D, 0xA9, 0x7E, 0x5C, 0x79, 0x83, 0xCD, 0xB2, 0x79, 0x03, 0x44, 0x8A, 
0x7D, 0x16, 0xE2, 0xDE, 0xDE, 0x2B, 0x55, 0x42, 0x63, 0x93, 0xD7, 0x20, 0x12, 0xCD, 0xC7, 0x92, 
0xF1, 0xAF, 0x6C, 0x55, 0x88, 0xB7, 0xE7, 0x3F, 0x95, 0xE8, 0x07, 0xFC, 0xAB, 0x6D, 0x00, 0xFF, 
0x00, 0xB1, 0x7F, 0xE9, 0x8A, 0xAD, 0x9F, 0xF3, 0xE2, 0x7B, 0x38, 0x5D, 0x7C, 0xB1, 0xE5, 0x8D, 
0x1F, 0xCB, 0x17, 0x53, 0x29, 0x8E, 0x4D, 0x46, 0xCE, 0x1E, 0x77, 0x0A, 0x8D, 0xB1, 0xF4, 0xD9, 
0x80, 0xE2, 0x71, 0xB5, 0x65, 0x9A, 0x1F, 0x94, 0xBC, 0x8B, 0x07, 0xE6, 0xCF, 0x91, 0x75, 0x1F, 
0x25, 0x6A, 0xB7, 0x1A, 0xD4, 0xF7, 0x06, 0x4B, 0xDD, 0x75, 0xDD, 0xCC, 0xFE, 0x98, 0x58, 0xCD, 
0x67, 0x96, 0x4A, 0x03, 0x13, 0x3B, 0xB1, 0x53, 0x1B, 0xE2, 0x96, 0x21, 0xE5, 0x2F, 0xCC, 0xCD, 
0x37, 0xC9, 0xBF, 0x98, 0xDE, 0x6E, 0xD5, 0xE7, 0xB4, 0x92, 0xFE, 0xDB, 0x52, 0xFA, 0xED, 0xB4, 
0x22, 0x06, 0x55, 0x3C, 0x9A, 0x72, 0xCA, 0xD5, 0x6F, 0xD9, 0x34, 0xDF, 0x0A, 0x1E, 0x35, 0x2B, 
0x72, 0x95, 0xDE, 0x94, 0xE4, 0xC4, 0xD3, 0xC2, 0xA6, 0xB8, 0xAA, 0xDC, 0x55, 0xEE, 0x9F, 0xF3, 
0x89, 0x3E, 0x57, 0xD3, 0x75, 0x5F, 0x3B, 0xEA, 0x1A, 0xAD, 0xEC, 0x4B, 0x33, 0xE8, 0xB6, 0xCB, 
0x2D, 0xA2, 0xB8, 0xA8, 0x59, 0xA6, 0x7E, 0x02, 0x4A, 0x1F, 0xDA, 0x45, 0x56, 0xE3, 0x8A, 0xBD, 
0xBF, 0xF3, 0x67, 0xCA, 0xBF, 0x99, 0xFE, 0x6C, 0xD4, 0xAC, 0x74, 0x0D, 0x0F, 0x50, 0x8B, 0x47, 
0xF2, 0x8C, 0xE9, 0xCB, 0x58, 0xD4, 0x63, 0x73, 0xF5, 0xA2, 0xC0, 0x9A, 0xC5, 0xC4, 0x51, 0x8A, 
0x15, 0xA7, 0x10, 0xAD, 0xC5, 0xBF, 0xDD, 0x98, 0x15, 0x3A, 0xF2, 0xCF, 0x95, 0xBC, 0x91, 0xF9, 
0x65, 0xA0, 0xC5, 0xA7, 0xE9, 0x70, 0x15, 0x9A, 0xE0, 0x85, 0xAA, 0xAF, 0xAB, 0x7D, 0x7B, 0x37, 
0xC8, 0x7C, 0x4F, 0xF2, 0xF8, 0x62, 0x89, 0x7F, 0x97, 0x15, 0x52, 0xF3, 0x1E, 0xA3, 0xA7, 0x58, 
0x69, 0xE7, 0x5E, 0xF3, 0xF5, 0xD4, 0x76, 0x7A, 0x64, 0x07, 0x9D, 0xAE, 0x86, 0x8F, 0xCD, 0x19, 
0xD7, 0xEC, 0x89, 0x69, 0xFE, 0xF5, 0xCF, 0xFC, 0xB1, 0x8F, 0xDC, 0xC7, 0xFE, 0x57, 0xDB, 0xC5, 
0x5F, 0x3E, 0xF9, 0xEB, 0xFE, 0x72, 0x37, 0xCE, 0x5A, 0xC6, 0xB1, 0x14, 0xBE, 0x5E, 0x9D, 0xF4, 
0x3D, 0x2E, 0xCD, 0xF9, 0x5B, 0x41, 0x1F, 0x13, 0x24, 0xB4, 0xD8, 0x34, 0xE4, 0x82, 0xAC, 0x29, 
0xFE, 0xEA, 0xFB, 0x0B, 0xFE, 0x56, 0x2A, 0xF3, 0xDF, 0x36, 0x79, 0xDB, 0xCC, 0xDE, 0x6D, 0xBF, 
0x5B, 0xED, 0x7A, 0xF9, 0xEF, 0x26, 0x45, 0xE1, 0x12, 0x90, 0x12, 0x38, 0xD7, 0xC1, 0x23, 0x5A, 
0x22, 0xD7, 0xBD, 0x06, 0x15, 0x48, 0x99, 0x80, 0x15, 0x27, 0x15, 0x4B, 0xEE, 0xA5, 0x0E, 0xC0, 
0x0E, 0x83, 0x15, 0x50, 0xC5, 0x2E, 0xC5, 0x4B, 0xB1, 0x62, 0xD6, 0x29, 0x76, 0x2A, 0xEC, 0x55, 
0xD8, 0xAB, 0x47, 0x15, 0x76, 0x2A, 0xFF, 0x00, 0xFF, 0xD0, 0xF2, 0xAE, 0x2A, 0xEC, 0x55, 0xD8, 
0xAB, 0x78, 0xAB, 0xB1, 0x56, 0xF1, 0x57, 0x62, 0xA9, 0x96, 0x87, 0x7D, 0x79, 0x63, 0x76, 0x97, 
0x96, 0x53, 0xBD, 0xB5, 0xDC, 0x0C, 0x1E, 0x19, 0xE2, 0x62, 0xAE, 0x8C, 0x3A, 0x15, 0x61, 0xB8, 
0xC5, 0x5E, 0xCD, 0xE5, 0xDF, 0xCD, 0x8F, 0xCF, 0x4F, 0x30, 0xAC, 0x8B, 0xA5, 0x5A, 0x45, 0xAE, 
0x49, 0x6A, 0xAA, 0x2E, 0x2E, 0x3F, 0x47, 0xC1, 0x34, 0x80, 0x1D, 0x97, 0xD4, 0x72, 0x06, 0xE6, 
0x98, 0xAA, 0x75, 0xFE, 0x29, 0xFF, 0x00, 0x9C, 0x92, 0xFF, 0x00, 0xA9, 0x59, 0x3F, 0xEE, 0x17, 
0x07, 0xF0, 0x38, 0xDA, 0xAD, 0x93, 0xCC, 0xFF, 0x00, 0xF3, 0x92, 0x7E, 0x93, 0xD7, 0xCA, 0xD1, 
0x15, 0x65, 0x21, 0x94, 0xE9, 0x70, 0x74, 0x22, 0x87, 0x6A, 0xE3, 0x6A, 0xC6, 0xFC, 0xB5, 0x0D, 
0xC4, 0x3F, 0x90, 0x1E, 0x7D, 0x49, 0xE3, 0x68, 0xA7, 0x5D, 0x56, 0xD1, 0x66, 0x89, 0x87, 0x02, 
0x8C, 0x19, 0x79, 0x29, 0x53, 0xF6, 0x68, 0x7B, 0x62, 0xBD, 0x53, 0x3F, 0x2B, 0xF9, 0x87, 0xF3, 
0xF6, 0x0F, 0x2F, 0x69, 0xF6, 0xDA, 0x57, 0x96, 0x84, 0xDA, 0x64, 0x10, 0x22, 0x59, 0xCA, 0xFA, 
0x6C, 0x4C, 0xCD, 0x10, 0x1F, 0x0B, 0x16, 0x6A, 0x33, 0x57, 0xF9, 0xB1, 0x54, 0xC8, 0xF9, 0x93, 
0xFE, 0x72, 0x48, 0xEE, 0x3C, 0xAD, 0x1F, 0xFD, 0xC2, 0xE0, 0xFE, 0xB8, 0xAA, 0x4F, 0xE6, 0xCF, 
0x3D, 0xFE, 0x7F, 0xD8, 0x68, 0x57, 0x03, 0x58, 0xD3, 0xDF, 0x44, 0xD3, 0x2E, 0x47, 0xA1, 0x71, 
0x77, 0x05, 0x94, 0x76, 0xC4, 0xF3, 0xDB, 0x87, 0xAA, 0x95, 0x65, 0xE5, 0x8A, 0xBC, 0x67, 0x98, 
0x21, 0xB7, 0xC0, 0xA9, 0x6B, 0x7D, 0xA3, 0x85, 0x57, 0xDB, 0x5B, 0xDC, 0x5C, 0xDC, 0x47, 0x6D, 
0x6F, 0x1B, 0x4D, 0x71, 0x33, 0x08, 0xE2, 0x89, 0x01, 0x66, 0x66, 0x63, 0x40, 0xAA, 0x07, 0x52, 
0x4E, 0x2A, 0xFB, 0x4B, 0xFE, 0x71, 0xF7, 0xF2, 0x6E, 0xE3, 0xC8, 0x7A, 0x54, 0xFA, 0x9E, 0xAB, 
0x2B, 0x1D, 0x77, 0x56, 0x89, 0x05, 0xD5, 0xAA, 0x91, 0xE9, 0x5B, 0xC6, 0xA7, 0x92, 0xC7, 0xFE, 
0x54, 0x9B, 0xFC, 0x6D, 0xFB, 0x3F, 0x67, 0x15, 0x7A, 0xDC, 0x52, 0x45, 0x32, 0xF2, 0x89, 0xD6, 
0x55, 0x06, 0x84, 0xA1, 0x0C, 0x2A, 0x3E, 0x58, 0x15, 0xE5, 0x7F, 0x98, 0xFF, 0x00, 0x99, 0x5E, 
0x51, 0xFC, 0xBB, 0x9E, 0xF2, 0xE9, 0x0F, 0xE9, 0x6F, 0x37, 0x5F, 0x03, 0xE9, 0xDB, 0xBB, 0xF3, 
0x68, 0xA3, 0xEC, 0xAC, 0xC3, 0xFD, 0xE7, 0x81, 0x7F, 0xDF, 0x4B, 0xF1, 0x49, 0xFF, 0x00, 0x0D, 
0x8A, 0xBE, 0x57, 0xF3, 0x77, 0x9C, 0xFC, 0xC3, 0xE6, 0xCD, 0x55, 0xB5, 0x3D, 0x6E, 0xE9, 0xAE, 
0x27, 0x3B, 0x45, 0x18, 0xDA, 0x28, 0x97, 0xF9, 0x62, 0x4E, 0x88, 0xB8, 0x55, 0x22, 0x2C, 0x31, 
0x55, 0x39, 0x26, 0x54, 0x1B, 0xF5, 0xC5, 0x50, 0x33, 0x4E, 0xCE, 0x7A, 0xED, 0x8A, 0xA8, 0xE2, 
0xAE, 0xC5, 0x2E, 0xC5, 0x0E, 0xC5, 0x0D, 0x1C, 0x55, 0xD8, 0xA5, 0xD8, 0xAB, 0xB1, 0x56, 0xB1, 
0x57, 0x62, 0xAF, 0xFF, 0xD1, 0xF2, 0xAE, 0x2A, 0xEC, 0x55, 0xD8, 0xAB, 0x78, 0xAB, 0xB1, 0x56, 
0xF1, 0x56, 0x8E, 0x2A, 0x89, 0xB2, 0x90, 0x23, 0x10, 0x7A, 0x1C, 0x55, 0x99, 0xF9, 0x3B, 0xF3, 
0x23, 0xCD, 0xFE, 0x50, 0x4B, 0xB4, 0xF2, 0xF5, 0xFF, 0x00, 0xD5, 0x23, 0xBD, 0x28, 0x6E, 0x54, 
0xA2, 0x48, 0x18, 0xC7, 0x5E, 0x27, 0xE3, 0x06, 0x84, 0x72, 0x38, 0xAB, 0x22, 0x1F, 0xF3, 0x90, 
0xDF, 0x9B, 0x7D, 0xB5, 0xBA, 0x7F, 0xCF, 0x08, 0x7F, 0xE6, 0x9C, 0x0A, 0xDA, 0xFF, 0x00, 0xCE, 
0x43, 0xFE, 0x6E, 0x29, 0xA8, 0xD6, 0xEA, 0x7D, 0xE0, 0x87, 0xFE, 0x69, 0xC2, 0xAC, 0x3A, 0xEB, 
0xCD, 0xDE, 0x63, 0xB9, 0xB6, 0xD5, 0x2D, 0xE7, 0xD4, 0x65, 0x6B, 0x6D, 0x66, 0xE0, 0x5D, 0xEA, 
0x90, 0x54, 0x70, 0x9E, 0x70, 0x6A, 0x24, 0x71, 0x4E, 0xA0, 0xF8, 0x62, 0xAC, 0xBE, 0xDB, 0xFE, 
0x72, 0x07, 0xF3, 0x5E, 0xDE, 0xDA, 0x1B, 0x78, 0xB5, 0x91, 0xE9, 0xC2, 0x8B, 0x1C, 0x75, 0x82, 
0x12, 0x78, 0xA0, 0xE2, 0x2A, 0x4A, 0xEF, 0xB0, 0xC0, 0xAA, 0x87, 0xFE, 0x72, 0x1F, 0xF3, 0x70, 
0xFF, 0x00, 0xD2, 0xE8, 0x7F, 0xC8, 0x88, 0x7F, 0xE6, 0x9C, 0x55, 0x26, 0xF3, 0x57, 0xE6, 0xF7, 
0xE6, 0x17, 0x99, 0xB4, 0x77, 0xD2, 0xB5, 0xAD, 0x54, 0xDC, 0x69, 0xEE, 0xCB, 0x24, 0x90, 0xAC, 
0x71, 0xC6, 0x19, 0x90, 0xD5, 0x79, 0x15, 0x00, 0x90, 0x0E, 0x15, 0x79, 0xDF, 0xAA, 0xC0, 0xB6, 
0xFD, 0x71, 0x55, 0x87, 0x15, 0x65, 0xFF, 0x00, 0x94, 0xFE, 0x79, 0x87, 0xC9, 0x3E, 0x76, 0xB3, 
0xD7, 0xE6, 0xD3, 0xD3, 0x52, 0x8A, 0x10, 0xF1, 0xBC, 0x0D, 0x40, 0xEA, 0x1C, 0x53, 0xD4, 0x89, 
0x8E, 0xCB, 0x2A, 0x7E, 0xCB, 0x62, 0xAC, 0xEF, 0xF3, 0x2B, 0xFE, 0x72, 0x07, 0xCD, 0x7E, 0x70, 
0x0D, 0x63, 0x61, 0xCB, 0x45, 0xD0, 0xCE, 0xCD, 0x6D, 0x0B, 0x9F, 0x5E, 0x5F, 0xF8, 0xCD, 0x2A, 
0xD3, 0xE1, 0xFF, 0x00, 0x8A, 0xD3, 0xE1, 0xFF, 0x00, 0x5B, 0x02, 0xBC, 0xEA, 0xC7, 0x58, 0xD5, 
0xEC, 0x03, 0x0B, 0x1B, 0xEB, 0x8B, 0x40, 0xDF, 0x68, 0x41, 0x2B, 0xC6, 0x0F, 0xCF, 0x89, 0x18, 
0x55, 0x0B, 0x2C, 0xB2, 0x4B, 0x23, 0x49, 0x2B, 0x99, 0x24, 0x73, 0x57, 0x76, 0x25, 0x98, 0x93, 
0xDC, 0x93, 0xB9, 0xC5, 0x54, 0x25, 0x9D, 0x63, 0x1D, 0x77, 0xF0, 0xC5, 0x50, 0x0F, 0x72, 0xEC, 
0xD5, 0xC5, 0x56, 0x34, 0x8C, 0xDD, 0x4E, 0x2A, 0xB7, 0x02, 0x5D, 0x8A, 0xBB, 0x0A, 0xBB, 0x02, 
0x1A, 0xC2, 0xAE, 0xC5, 0x5D, 0x8A, 0xBB, 0x15, 0x76, 0x2A, 0xD6, 0x2A, 0xEC, 0x55, 0xFF, 0xD2, 
0xF2, 0xAE, 0x2A, 0xD6, 0x2A, 0xDE, 0x2A, 0xDE, 0x2A, 0xEC, 0x55, 0xD8, 0xAB, 0xE9, 0xCF, 0x21, 
0x7F, 0xCE, 0x2E, 0xF9, 0x2F, 0xCC, 0x7E, 0x49, 0xD1, 0x35, 0xDB, 0xAD, 0x53, 0x50, 0x86, 0xEB, 
0x53, 0xB4, 0x8E, 0xE2, 0x78, 0xE3, 0xF4, 0xB8, 0x2B, 0x3F, 0x50, 0xB5, 0x5A, 0xD3, 0x15, 0x7C, 
0xF3, 0xE6, 0xDD, 0x26, 0x1D, 0x13, 0xCD, 0x5A, 0xBE, 0x91, 0x6E, 0xED, 0x24, 0x1A, 0x7D, 0xE4, 
0xF6, 0xD1, 0x3B, 0xD3, 0x93, 0x2C, 0x32, 0x14, 0x05, 0xA9, 0xB5, 0x48, 0x18, 0xAB, 0xE9, 0x0F, 
0x21, 0x7F, 0xCE, 0x30, 0x79, 0x3B, 0x5F, 0xF2, 0x66, 0x87, 0xAD, 0x5C, 0xEA, 0x9A, 0x84, 0x57, 
0x3A, 0x9D, 0xA4, 0x57, 0x13, 0x47, 0x1F, 0xA5, 0xC1, 0x5A, 0x4E, 0xA1, 0x6A, 0xB5, 0xA6, 0x2A, 
0xF9, 0xEF, 0x5D, 0xB4, 0x83, 0x4E, 0xD7, 0x35, 0x1D, 0x3E, 0x37, 0x2D, 0x1D, 0x9D, 0xCC, 0xD6, 
0xE8, 0xCD, 0xF6, 0x8A, 0xC4, 0xE5, 0x41, 0x34, 0xEF, 0xB6, 0x2A, 0x80, 0x32, 0xC6, 0x07, 0x51, 
0x8A, 0xA1, 0x8D, 0xC7, 0xC0, 0x45, 0x7B, 0xED, 0x81, 0x51, 0x31, 0xCA, 0x85, 0x07, 0xC4, 0x0E, 
0x15, 0x5F, 0xEA, 0x2F, 0x8E, 0x2A, 0xA7, 0x73, 0x22, 0x88, 0x8E, 0xE2, 0xB8, 0xAA, 0x5D, 0x8A, 
0xBE, 0x95, 0xFC, 0xBC, 0xFF, 0x00, 0x9C, 0x62, 0xF2, 0x77, 0x9A, 0x3C, 0x89, 0xA3, 0xF9, 0x82, 
0xEF, 0x53, 0xBF, 0x82, 0xEF, 0x50, 0xB7, 0xF5, 0xA6, 0x8E, 0x2F, 0x48, 0xA0, 0x6E, 0x4C, 0x28, 
0xBC, 0x96, 0xB4, 0xF8, 0x71, 0x57, 0xCE, 0xAF, 0x02, 0x5B, 0x6A, 0x73, 0xC0, 0x0D, 0x52, 0x19, 
0x1E, 0x35, 0x63, 0xD4, 0x85, 0x62, 0x3F, 0x86, 0x2A, 0x89, 0x69, 0xE3, 0x51, 0xD6, 0xB8, 0xAB, 
0x92, 0x78, 0xD8, 0x56, 0xB8, 0xAA, 0x94, 0xF7, 0x6A, 0xA2, 0x8A, 0x6A, 0x71, 0x57, 0xAD, 0x7E, 
0x44, 0x7E, 0x4A, 0xF9, 0x7F, 0xF3, 0x23, 0x4A, 0xD5, 0xAF, 0x75, 0x6B, 0xFB, 0xBB, 0x49, 0x6C, 
0x27, 0x8E, 0x18, 0x85, 0xB7, 0xA6, 0x54, 0xAB, 0xA1, 0x62, 0x5B, 0x98, 0x3B, 0xED, 0x8A, 0x18, 
0xF7, 0xE7, 0xA7, 0xE5, 0x96, 0x91, 0xF9, 0x79, 0xE6, 0x7B, 0x2D, 0x27, 0x4B, 0xBA, 0x9E, 0xEE, 
0x0B, 0x9B, 0x35, 0xB9, 0x69, 0x2E, 0x78, 0xF2, 0x0C, 0x64, 0x64, 0xA0, 0xE0, 0x00, 0xA7, 0xC3, 
0x8A, 0x5E, 0x6F, 0x81, 0x5D, 0x5C, 0x2A, 0xD5, 0x46, 0x2A, 0xC8, 0xFF, 0x00, 0x2E, 0xBC, 0xB7, 
0x67, 0xE6, 0x6F, 0x3C, 0x68, 0xDA, 0x05, 0xEC, 0x92, 0x45, 0x6B, 0xA9, 0x5C, 0xAC, 0x13, 0x49, 
0x15, 0x39, 0xAA, 0xB0, 0x3B, 0xAF, 0x20, 0x45, 0x71, 0x57, 0xAC, 0x7E, 0x76, 0x7F, 0xCE, 0x3E, 
0x79, 0x63, 0xC8, 0x5E, 0x4D, 0x1A, 0xEE, 0x9B, 0xA8, 0xDE, 0x5D, 0x5C, 0x1B, 0xB8, 0xAD, 0xFD, 
0x2B, 0x81, 0x1F, 0x0E, 0x32, 0x06, 0x24, 0xFC, 0x20, 0x1A, 0xFC, 0x38, 0xAB, 0xC1, 0x0F, 0x5C, 
0x55, 0xD8, 0xAB, 0xB1, 0x57, 0x62, 0xAE, 0xC5, 0x5A, 0xC5, 0x5D, 0x8A, 0xBF, 0xFF, 0xD3, 0xF2, 
0xAE, 0x2A, 0xEA, 0xE2, 0xAD, 0xE2, 0xAE, 0xC5, 0x5B, 0xC5, 0x0D, 0x76, 0xC5, 0x2F, 0xD0, 0x1F, 
0xC9, 0x8F, 0xFC, 0x95, 0x1E, 0x53, 0xFF, 0x00, 0xB6, 0x74, 0x3F, 0xAB, 0x15, 0x7C, 0x43, 0xF9, 
0x95, 0xBF, 0xE6, 0x1F, 0x99, 0x8F, 0xFD, 0xAD, 0x2F, 0x3F, 0xE4, 0xFB, 0x62, 0xAF, 0xB9, 0xFF, 
0x00, 0x27, 0x76, 0xFC, 0xB1, 0xF2, 0x90, 0xFF, 0x00, 0xB5, 0x75, 0xBF, 0xEA, 0xC5, 0x5E, 0x63, 
0xF9, 0x51, 0xF9, 0x5F, 0xE4, 0x0F, 0x33, 0xE9, 0xDA, 0xFE, 0xA5, 0xAF, 0x68, 0xB0, 0xDF, 0xDF, 
0x0D, 0x7F, 0x51, 0x8B, 0xD7, 0x90, 0xC8, 0x1B, 0x82, 0x4A, 0x0A, 0xAF, 0xC2, 0xCA, 0x36, 0xAE, 
0x05, 0x4E, 0x7C, 0xB9, 0xF9, 0x67, 0xF9, 0x0B, 0xA2, 0x79, 0xA2, 0x7F, 0x2E, 0x34, 0x76, 0x5A, 
0x87, 0x9A, 0x2E, 0x9E, 0x4B, 0x91, 0x63, 0x77, 0xFB, 0xD6, 0x8A, 0x27, 0x25, 0xD2, 0x18, 0xA3, 
0x6A, 0xC6, 0x82, 0x38, 0xFA, 0x2B, 0x7E, 0xF5, 0x97, 0xE2, 0xC2, 0xAB, 0x7C, 0xDD, 0xF9, 0x17, 
0xF9, 0x27, 0xA7, 0x6A, 0x4B, 0xE6, 0xED, 0x6E, 0x28, 0xB4, 0x9D, 0x1E, 0xD1, 0x29, 0x77, 0x62, 
0x1C, 0xC5, 0x67, 0x2C, 0xAC, 0x47, 0xA6, 0xC5, 0x57, 0xE2, 0xAF, 0x51, 0xE9, 0x45, 0xFD, 0xE6, 
0x05, 0x4F, 0x35, 0x2F, 0xC9, 0xDF, 0xCA, 0x4F, 0x36, 0xF9, 0x65, 0x46, 0x9D, 0xA5, 0x59, 0x45, 
0x6D, 0x7B, 0x0F, 0x3D, 0x3F, 0x54, 0xD3, 0xD1, 0x63, 0x75, 0x24, 0x7C, 0x12, 0x2B, 0xAD, 0x39, 
0x6F, 0xF6, 0x95, 0xF1, 0x57, 0xCE, 0x7F, 0x92, 0x5F, 0x91, 0xE7, 0xCE, 0x7E, 0x62, 0xD4, 0x86, 
0xB7, 0x23, 0xC3, 0xA2, 0x68, 0x53, 0x9B, 0x7B, 0xC5, 0x88, 0xF1, 0x92, 0x79, 0xC1, 0x23, 0xD2, 
0x56, 0xFD, 0x80, 0x38, 0xF2, 0x76, 0xC2, 0xAF, 0x5E, 0xF3, 0x46, 0xB5, 0xFF, 0x00, 0x38, 0xE5, 
0xE4, 0x1D, 0x6A, 0x1F, 0x2A, 0xDF, 0xF9, 0x76, 0xDD, 0xAE, 0x38, 0xA1, 0xB9, 0x75, 0xB5, 0x5B, 
0x81, 0x02, 0xC8, 0x01, 0x53, 0x34, 0x92, 0x92, 0xE6, 0xAA, 0x79, 0x7C, 0x3C, 0xB0, 0x2A, 0x4F, 
0xF9, 0xE7, 0xFF, 0x00, 0x38, 0xFB, 0xE5, 0x05, 0xF2, 0x8D, 0xDF, 0x9B, 0x7C, 0x9F, 0x6E, 0x2C, 
0x2E, 0x2C, 0x63, 0x17, 0x53, 0xDA, 0x42, 0x4B, 0x5B, 0xCF, 0x6C, 0x68, 0x59, 0x91, 0x4D, 0x78, 
0x3A, 0xA9, 0xE6, 0x38, 0xFC, 0x2C, 0xB8, 0x55, 0xE9, 0xFF, 0x00, 0x91, 0x7B, 0xFE, 0x4F, 0xF9, 
0x63, 0xFE, 0x60, 0xA9, 0xFF, 0x00, 0x0E, 0xF8, 0xAB, 0xCF, 0xBF, 0x2B, 0xFF, 0x00, 0xE7, 0x1B, 
0x34, 0x3B, 0x68, 0x6F, 0xB5, 0xDF, 0x3F, 0x5A, 0x25, 0xD5, 0xDD, 0xDC, 0x92, 0xC9, 0x06, 0x9B, 
0x2B, 0x91, 0x15, 0xB4, 0x3C, 0xCB, 0x73, 0x94, 0xA3, 0x00, 0xD2, 0x32, 0xFC, 0x5F, 0x6B, 0x84, 
0x6B, 0x81, 0x5E, 0x59, 0xE7, 0x1B, 0x3F, 0x23, 0xF9, 0xE3, 0xF3, 0x0F, 0x4D, 0xF2, 0x57, 0xE5, 
0xB6, 0x8F, 0x6D, 0xA7, 0x59, 0x35, 0xC1, 0x8A, 0x6D, 0x65, 0x03, 0xB3, 0x4E, 0x54, 0x56, 0x49, 
0x14, 0x33, 0x1A, 0x41, 0x12, 0x06, 0x2B, 0xFE, 0xFC, 0xC2, 0xAF, 0x6F, 0xBC, 0xF2, 0x07, 0xE4, 
0x67, 0xE5, 0x57, 0x95, 0xE3, 0xBF, 0xD6, 0xB4, 0xC8, 0xAE, 0xC7, 0x25, 0x84, 0xDE, 0x5D, 0xC7, 
0xF5, 0xAB, 0x9B, 0x89, 0x98, 0x56, 0x88, 0x86, 0xAA, 0xBD, 0x0B, 0x51, 0x15, 0x55, 0x57, 0x02, 
0xAF, 0xBD, 0xFC, 0xA2, 0xFC, 0x9E, 0xFC, 0xCD, 0xF2, 0x8C, 0x7A, 0xB7, 0x97, 0xEC, 0xA2, 0xD3, 
0xCD, 0xDC, 0x6E, 0x6C, 0x75, 0x2B, 0x48, 0xFE, 0xAE, 0xE9, 0x22, 0x92, 0xBC, 0x66, 0x88, 0x51, 
0x5B, 0x8B, 0x8A, 0x3A, 0xB2, 0xF2, 0xC2, 0xA9, 0x1F, 0xFC, 0xE2, 0x7E, 0x91, 0x79, 0xA3, 0x59, 
0xF9, 0xCB, 0x49, 0xBE, 0x5E, 0x17, 0x9A, 0x7E, 0xA6, 0x96, 0xF3, 0xAF, 0x60, 0xF1, 0xA3, 0x29, 
0xA7, 0xDD, 0x8A, 0xBC, 0xF7, 0xFE, 0x73, 0x04, 0xFF, 0x00, 0xC8, 0x42, 0xD2, 0xFF, 0x00, 0xED, 
0x98, 0x9F, 0xF2, 0x7A, 0x4C, 0x55, 0xE1, 0x00, 0x55, 0x80, 0xE9, 0x53, 0x4A, 0x9D, 0x86, 0x2A, 
0xFA, 0xC7, 0xC9, 0xDE, 0x50, 0xFF, 0x00, 0x9C, 0x71, 0xF2, 0x9F, 0x95, 0x3F, 0x48, 0x6A, 0x77, 
0xFA, 0x5E, 0xBF, 0xA9, 0x41, 0x6C, 0x2E, 0x2F, 0xA5, 0x9A, 0x78, 0xAE, 0x24, 0x2E, 0x17, 0x93, 
0x47, 0x05, 0xBF, 0x2A, 0x75, 0xF8, 0x51, 0x78, 0xB3, 0xE2, 0xAC, 0x8F, 0xC8, 0x51, 0xFE, 0x4B, 
0x7E, 0x67, 0x58, 0x5F, 0x7D, 0x4B, 0xC9, 0x51, 0xDA, 0xDB, 0x59, 0x95, 0x47, 0x7B, 0x9B, 0x38, 
0xA0, 0xE7, 0xEA, 0x03, 0x43, 0x14, 0xB0, 0x9E, 0xA2, 0x9B, 0xFC, 0x5C, 0x97, 0x02, 0xBC, 0x86, 
0x2F, 0x20, 0x58, 0xF9, 0x1F, 0xFE, 0x72, 0x77, 0x42, 0xD1, 0xB4, 0xE6, 0x66, 0xD3, 0x5A, 0xEE, 
0xDE, 0xEA, 0xC8, 0x48, 0x79, 0x3A, 0x47, 0x32, 0xB1, 0xE0, 0x5B, 0xF6, 0xB8, 0x32, 0xB2, 0xD7, 
0x0A, 0xBE, 0x90, 0xFC, 0xD1, 0xD1, 0xFC, 0x91, 0xA8, 0xF9, 0x63, 0x9F, 0x9D, 0x67, 0xF4, 0x3C, 
0xBF, 0xA7, 0xDC, 0x45, 0x79, 0x71, 0x57, 0x28, 0xAE, 0xC9, 0x55, 0x44, 0x6E, 0x3F, 0x1B, 0x2B, 
0x17, 0xFB, 0x09, 0xF1, 0x36, 0x05, 0x63, 0x71, 0x7E, 0x58, 0x7E, 0x48, 0x79, 0xEF, 0xCA, 0xE2, 
0x5D, 0x17, 0x4D, 0xB2, 0xFD, 0x1F, 0x70, 0x1A, 0x3B, 0x7D, 0x4A, 0xC1, 0x3D, 0x29, 0xA2, 0x75, 
0xDB, 0xAE, 0xCD, 0xC9, 0x0F, 0x54, 0x90, 0x61, 0x57, 0xC6, 0xBE, 0x71, 0xF2, 0xD5, 0xDF, 0x96, 
0x3C, 0xD1, 0xA9, 0xE8, 0x17, 0x47, 0x94, 0xFA, 0x6D, 0xC3, 0xC0, 0x64, 0xA5, 0x03, 0xAA, 0x9F, 
0x85, 0xC7, 0xFA, 0xEB, 0x46, 0xC5, 0x52, 0x6C, 0x55, 0xD8, 0xAB, 0xB1, 0x56, 0x8E, 0x2A, 0xEC, 
0x55, 0xFF, 0xD4, 0xF2, 0xAE, 0x2A, 0xEC, 0x55, 0xD8, 0xAB, 0x78, 0xAB, 0xB1, 0x57, 0x62, 0xAF, 
0xBA, 0xFF, 0x00, 0xE7, 0x1D, 0xFC, 0xC1, 0x69, 0xAC, 0x7E, 0x53, 0xE8, 0xA9, 0x0B, 0x03, 0x3E, 
0x96, 0x86, 0xC2, 0xEA, 0x3E, 0xEA, 0xF1, 0x13, 0xC6, 0xBF, 0xEB, 0xC6, 0x55, 0x86, 0x2A, 0xF2, 
0xBF, 0x3E, 0xFF, 0x00, 0xCE, 0x29, 0xF9, 0xA7, 0x59, 0xF3, 0xCD, 0xFE, 0xA9, 0xA4, 0x6A, 0x56, 
0x6B, 0xA4, 0xEA, 0x97, 0x2F, 0x75, 0x23, 0x5C, 0x17, 0x59, 0x60, 0x33, 0x37, 0x27, 0x5E, 0x00, 
0x1F, 0x52, 0x84, 0x9E, 0x34, 0x6C, 0x55, 0xF4, 0x2E, 0x8D, 0x65, 0xA7, 0xF9, 0x47, 0xCA, 0x56, 
0x76, 0x6F, 0x38, 0xFA, 0x86, 0x85, 0x64, 0x88, 0xF7, 0x32, 0x51, 0x6A, 0x96, 0xE9, 0xF1, 0x3B, 
0x76, 0x1C, 0xA9, 0x5C, 0x55, 0xE7, 0xDF, 0xF3, 0x8D, 0x77, 0xCB, 0xA8, 0x79, 0x1B, 0x53, 0xBE, 
0x51, 0x41, 0x77, 0xAD, 0xDF, 0x4E, 0x01, 0xF0, 0x95, 0x95, 0xC7, 0xE0, 0xD8, 0xAB, 0xC9, 0xA2, 
0x63, 0xFF, 0x00, 0x43, 0x77, 0x5A, 0xEF, 0xFA, 0x58, 0x8A, 0xFB, 0x7D, 0x5A, 0x98, 0x15, 0xE9, 
0x1F, 0xF3, 0x96, 0x84, 0xFF, 0x00, 0xCA, 0xB7, 0xB2, 0x5A, 0xEC, 0x75, 0x38, 0x6A, 0x3E, 0x51, 
0xBE, 0x15, 0x65, 0x3F, 0xF3, 0x8F, 0x15, 0x1F, 0x94, 0x3E, 0x5C, 0xAE, 0xFF, 0x00, 0x04, 0xD4, 
0xF9, 0x7D, 0x66, 0x4C, 0x0A, 0xC5, 0xFF, 0x00, 0xE7, 0x1B, 0x75, 0x7B, 0x09, 0x47, 0x9D, 0x34, 
0xB5, 0x75, 0x17, 0xD1, 0x6B, 0x77, 0x37, 0x4F, 0x17, 0xED, 0x18, 0xA5, 0x62, 0xAA, 0xDE, 0xE0, 
0x32, 0x95, 0xC2, 0xAD, 0xFE, 0x68, 0x79, 0xDB, 0x5F, 0xD0, 0xFC, 0xDA, 0xD6, 0x31, 0xFE, 0x59, 
0xDB, 0xF9, 0x8E, 0x0B, 0x95, 0x8C, 0xDA, 0x6A, 0xDE, 0x9F, 0xAC, 0x66, 0xA8, 0x00, 0xAB, 0x91, 
0x0C, 0x9C, 0x19, 0x1B, 0xE1, 0xE2, 0xCD, 0xF6, 0x70, 0x2A, 0xDF, 0x39, 0x79, 0xEF, 0xF3, 0x66, 
0xD7, 0xC9, 0x3A, 0xB1, 0xD5, 0x7F, 0x2F, 0xED, 0x6C, 0xF4, 0x9F, 0xA8, 0xCB, 0x15, 0xCC, 0xEB, 
0xA9, 0xC4, 0x44, 0x31, 0x3C, 0x65, 0x2B, 0xC3, 0x88, 0xAF, 0x1E, 0x5F, 0x0A, 0x2F, 0xFA, 0xB8, 
0x55, 0x97, 0xFE, 0x44, 0x8A, 0x7E, 0x50, 0x79, 0x5B, 0xFE, 0x60, 0xEB, 0xFF, 0x00, 0x25, 0x1F, 
0x15, 0x44, 0xF9, 0x13, 0xF3, 0x57, 0xCA, 0xFE, 0x77, 0xD4, 0x75, 0xAD, 0x2F, 0x4E, 0x57, 0x59, 
0x34, 0xA7, 0xF4, 0xDD, 0x2E, 0x00, 0x06, 0x78, 0x89, 0x28, 0xD2, 0x2A, 0x7F, 0x27, 0x31, 0xC0, 
0x86, 0xC0, 0xAF, 0x1C, 0xB4, 0xF2, 0x45, 0x97, 0xE5, 0x9F, 0xFC, 0xE4, 0x66, 0x93, 0x76, 0x54, 
0x43, 0xE5, 0x9F, 0x30, 0x7D, 0x61, 0x34, 0xB9, 0xBA, 0x24, 0x13, 0x4E, 0x85, 0x4C, 0x04, 0x9D, 
0x87, 0x19, 0x08, 0x09, 0xFF, 0x00, 0x15, 0xBA, 0xE1, 0x56, 0x5B, 0xFF, 0x00, 0x39, 0x3D, 0xE4, 
0x5F, 0x33, 0x79, 0x97, 0xCB, 0x5A, 0x5C, 0xFA, 0x15, 0xB4, 0x97, 0xD2, 0x69, 0x57, 0x12, 0x49, 
0x73, 0x63, 0x08, 0xE5, 0x23, 0x24, 0x88, 0x14, 0x3A, 0x27, 0x57, 0x28, 0x47, 0xD9, 0x5F, 0x8B, 
0xE2, 0xC0, 0xAC, 0x83, 0xFE, 0x71, 0xFF, 0x00, 0xCA, 0x5A, 0xCF, 0x95, 0xFF, 0x00, 0x2E, 0x2D, 
0xAC, 0x75, 0xA8, 0xCD, 0xB5, 0xF4, 0xF3, 0xCD, 0x77, 0x25, 0xB3, 0x91, 0x58, 0x56, 0x42, 0x38, 
0xAB, 0x6F, 0x40, 0x78, 0xAF, 0x36, 0xFE, 0x5C, 0x2A, 0x95, 0xFE, 0x46, 0x6B, 0x16, 0x7A, 0xCF, 
0x99, 0xBF, 0x32, 0x35, 0x3B, 0x23, 0xCA, 0xD2, 0xE7, 0x5B, 0x53, 0x0B, 0x8E, 0x8C, 0xAA, 0x8C, 
0xBC, 0x87, 0xFA, 0xD4, 0xE5, 0x8A, 0xA1, 0x3F, 0x3A, 0x7F, 0x20, 0x75, 0x3F, 0xCC, 0x5F, 0x32, 
0x5A, 0xEA, 0xF6, 0xBA, 0xC4, 0x1A, 0x7C, 0x76, 0xD6, 0x8B, 0x6A, 0x61, 0x9A, 0x27, 0x91, 0x89, 
0x57, 0x67, 0xE5, 0x55, 0x34, 0xFD, 0xAC, 0x55, 0xE5, 0x3E, 0x65, 0xFF, 0x00, 0x9C, 0x4F, 0xD6, 
0xB4, 0x1D, 0x2D, 0xB5, 0x19, 0xBC, 0xC3, 0x69, 0x34, 0x2B, 0x35, 0xBC, 0x2C, 0xAB, 0x0C, 0x8A, 
0x7F, 0xD2, 0x27, 0x48, 0x79, 0x55, 0x8D, 0x3E, 0x1F, 0x53, 0x96, 0x2A, 0xF6, 0xB8, 0x7F, 0x28, 
0xBF, 0x2E, 0xBF, 0x2F, 0x7C, 0xAB, 0x7B, 0xA8, 0x59, 0xF9, 0x65, 0x7C, 0xC1, 0xA8, 0x69, 0x90, 
0x34, 0xC4, 0xCE, 0x82, 0xE2, 0xE6, 0xE1, 0xD0, 0x6E, 0x10, 0x38, 0x65, 0x4A, 0xF5, 0xE2, 0x89, 
0x81, 0x55, 0x3F, 0x25, 0xFC, 0xF3, 0xE7, 0x2F, 0x37, 0x9D, 0x52, 0xEF, 0x55, 0xD0, 0x53, 0x40, 
0xD0, 0x6D, 0xFD, 0x38, 0xB4, 0x8B, 0x75, 0x89, 0xE3, 0x2C, 0xE4, 0xB1, 0x93, 0x77, 0x0B, 0xC8, 
0x2A, 0xF1, 0xFB, 0x28, 0xA9, 0x85, 0x58, 0x07, 0xE6, 0x18, 0xA7, 0xFC, 0xE5, 0x6F, 0x94, 0x4F, 
0xFC, 0x55, 0x67, 0xFF, 0x00, 0x12, 0x9B, 0x15, 0x7A, 0x4F, 0xE7, 0xDF, 0x92, 0x75, 0xCF, 0x38, 
0xFE, 0x5E, 0x4F, 0xA5, 0xE8, 0x8A, 0x25, 0xD4, 0x21, 0xB8, 0x86, 0xEA, 0x3B, 0x66, 0x60, 0x9E, 
0xA8, 0x8A, 0xA1, 0x90, 0x31, 0xA2, 0xF2, 0xA3, 0x72, 0x5E, 0x58, 0x15, 0x2F, 0xFF, 0x00, 0x9C, 
0x75, 0xF2, 0x1F, 0x98, 0xBC, 0x9F, 0xE4, 0x99, 0xEC, 0xF5, 0xE8, 0xBE, 0xAF, 0x7F, 0x7B, 0x78, 
0xF7, 0x22, 0xCF, 0x92, 0xB9, 0x8D, 0x0A, 0x24, 0x6A, 0x09, 0x52, 0xCB, 0xC9, 0xB8, 0x72, 0xD8, 
0xE2, 0xAF, 0x98, 0x3F, 0x3E, 0xF5, 0x6B, 0x4D, 0x53, 0xF3, 0x6F, 0xCC, 0x57, 0x36, 0x8C, 0x1E, 
0x14, 0x9D, 0x6D, 0xF9, 0x8E, 0x8C, 0xD6, 0xF1, 0xAC, 0x4E, 0x7F, 0xE0, 0x90, 0xE1, 0x52, 0xF3, 
0xFC, 0x55, 0xAC, 0x55, 0xD8, 0xAB, 0x58, 0xAB, 0xB1, 0x57, 0xFF, 0xD5, 0xF2, 0xAE, 0x2A, 0xEC, 
0x55, 0xBC, 0x55, 0xD8, 0xAB, 0xB1, 0x57, 0x62, 0xAC, 0xE7, 0xC8, 0x9F, 0x98, 0x1E, 0x69, 0xF2, 
0x65, 0xD7, 0xD7, 0x34, 0x0B, 0xC3, 0x6E, 0xD2, 0xA8, 0x5B, 0x88, 0x1C, 0x07, 0x86, 0x50, 0x3A, 
0x7A, 0x91, 0x9D, 0x8D, 0x3B, 0x37, 0xDA, 0xC5, 0x5E, 0xA1, 0x0F, 0xFC, 0xE5, 0xA7, 0x9E, 0x92, 
0x1E, 0x32, 0xE9, 0x3A, 0x74, 0xB2, 0xD3, 0xFB, 0xDF, 0xDE, 0xA6, 0xFE, 0x3C, 0x43, 0x1C, 0x0A, 
0xC2, 0xBC, 0xF3, 0xF9, 0xD3, 0xE7, 0xCF, 0x39, 0x5A, 0x9B, 0x2D, 0x4E, 0xED, 0x20, 0xD3, 0x58, 
0xD5, 0xEC, 0x2D, 0x17, 0xD2, 0x8D, 0xA9, 0xB8, 0xF5, 0x0D, 0x4B, 0xC9, 0xF2, 0x66, 0xE3, 0x85, 
0x5B, 0xF2, 0x17, 0xE7, 0x5F, 0x9D, 0x3C, 0x97, 0xA1, 0xBE, 0x91, 0xA3, 0x7D, 0x54, 0xD9, 0xBC, 
0xEF, 0x70, 0x7D, 0x78, 0x8C, 0x8F, 0xCE, 0x40, 0x01, 0xDF, 0x92, 0xED, 0xF0, 0xE0, 0x54, 0x81, 
0x7F, 0x30, 0x35, 0xF5, 0xFC, 0xC6, 0xFF, 0x00, 0x1B, 0x8F, 0x47, 0xF4, 0xD7, 0xAE, 0x6E, 0xA8, 
0x53, 0xF7, 0x3E, 0xA7, 0x0E, 0x1F, 0x62, 0xBF, 0x67, 0x8F, 0xF9, 0x58, 0xAA, 0x7B, 0xE7, 0xDF, 
0xCE, 0x7F, 0x38, 0xF9, 0xDF, 0x47, 0x8B, 0x49, 0xD6, 0x85, 0xA8, 0xB5, 0x8A, 0x75, 0xB8, 0x43, 
0x6F, 0x11, 0x8D, 0xB9, 0xA8, 0x2A, 0x2A, 0x4B, 0x36, 0xDF, 0x16, 0x2A, 0x8E, 0xF2, 0x97, 0xFC, 
0xE4, 0x0F, 0x9F, 0xBC, 0xAB, 0xA0, 0x59, 0xE8, 0x5A, 0x60, 0xB2, 0x36, 0x36, 0x21, 0x84, 0x1E, 
0xB4, 0x05, 0xDE, 0x8E, 0xE6, 0x43, 0xC9, 0x83, 0x0A, 0xFC, 0x4D, 0x85, 0x58, 0x76, 0x8D, 0xE6, 
0xEF, 0x30, 0xE8, 0xDE, 0x62, 0x7F, 0x30, 0xE9, 0x57, 0x6D, 0x67, 0xAA, 0x49, 0x23, 0xCA, 0xF2, 
0x45, 0xF6, 0x5B, 0xD4, 0x6E, 0x4E, 0xAC, 0x86, 0xAA, 0xD1, 0x92, 0x7E, 0xC3, 0x62, 0xAF, 0x54, 
0xB5, 0xFF, 0x00, 0x9C, 0xB0, 0xF3, 0xF4, 0x50, 0x04, 0x9F, 0x4E, 0xD3, 0xEE, 0x25, 0x02, 0x9E, 
0xB7, 0x19, 0x23, 0xAF, 0xB9, 0x55, 0x6A, 0x60, 0x56, 0x0B, 0xE7, 0xFF, 0x00, 0xCD, 0xDF, 0x3C, 
0x79, 0xDE, 0x15, 0xB6, 0xD6, 0x2E, 0xD6, 0x3D, 0x3D, 0x4F, 0x21, 0x61, 0x6A, 0xBE, 0x94, 0x25, 
0x87, 0x46, 0x71, 0x52, 0xD2, 0x11, 0xFE, 0x5B, 0x62, 0xA9, 0xE7, 0x95, 0xBF, 0xE7, 0x21, 0xBC, 
0xFF, 0x00, 0xE5, 0xBF, 0x2F, 0x58, 0xE8, 0x5A, 0x7A, 0x58, 0x9B, 0x2D, 0x3E, 0x3F, 0x4A, 0x03, 
0x2C, 0x05, 0x9F, 0x8D, 0x49, 0xF8, 0x88, 0x71, 0x5E, 0xB8, 0x55, 0x87, 0xF9, 0x63, 0xCE, 0xBA, 
0xFF, 0x00, 0x96, 0x7C, 0xCA, 0x3C, 0xC5, 0xA4, 0xCC, 0xB1, 0x5F, 0xF2, 0x91, 0x9D, 0x48, 0xAC, 
0x4E, 0xB3, 0x12, 0x5D, 0x1D, 0x2B, 0xF1, 0x21, 0xAF, 0x4C, 0x55, 0x91, 0xF9, 0xD7, 0xF3, 0xC3, 
0xCE, 0x1E, 0x74, 0xD1, 0x0E, 0x8F, 0xAD, 0xC1, 0x62, 0xF6, 0xC2, 0x54, 0x9E, 0x29, 0x62, 0x85, 
0xA3, 0x96, 0x29, 0x23, 0x3B, 0x34, 0x6F, 0xCC, 0xF1, 0x34, 0xF8, 0x4F, 0xF9, 0x38, 0xAA, 0x73, 
0xE5, 0xAF, 0xF9, 0xC9, 0x8F, 0xCC, 0x4D, 0x1A, 0xC6, 0x2B, 0x1B, 0x91, 0x6D, 0xAB, 0xC5, 0x0A, 
0x84, 0x8E, 0x5B, 0xB5, 0x61, 0x35, 0x07, 0x4E, 0x52, 0x21, 0x1C, 0xE9, 0xFE, 0x50, 0xE5, 0x81, 
0x50, 0x7E, 0x70, 0xFF, 0x00, 0x9C, 0x85, 0xFC, 0xC1, 0xF3, 0x2E, 0x9F, 0x36, 0x9C, 0xD2, 0xC3, 
0xA6, 0x58, 0x5C, 0x0E, 0x33, 0x47, 0x64, 0xA5, 0x5D, 0xD4, 0xF5, 0x56, 0x95, 0x89, 0x7E, 0x27, 
0xBF, 0x1E, 0x38, 0x55, 0x23, 0xFC, 0xB9, 0xFC, 0xDA, 0xF3, 0x5F, 0x90, 0xAC, 0xEF, 0xAD, 0x34, 
0x35, 0xB6, 0x31, 0x5F, 0xCA, 0xB3, 0x4C, 0x6E, 0x22, 0x32, 0x10, 0xC8, 0xBC, 0x47, 0x1A, 0x32, 
0xD0, 0x53, 0x15, 0x65, 0xDF, 0xF4, 0x34, 0xDF, 0x99, 0xE3, 0xF6, 0x74, 0xFF, 0x00, 0xFA, 0x47, 
0x6F, 0xF9, 0xAF, 0x15, 0x4A, 0x3C, 0xD9, 0xFF, 0x00, 0x39, 0x03, 0xF9, 0x81, 0xE6, 0x6D, 0x02, 
0xEF, 0x43, 0xD4, 0x4D, 0x9A, 0xD9, 0xDE, 0x04, 0x12, 0xB4, 0x10, 0x98, 0xE4, 0x1E, 0x9C, 0x8B, 
0x22, 0x95, 0x6E, 0x66, 0x9F, 0x12, 0x0C, 0x55, 0x38, 0xD1, 0xFF, 0x00, 0xE7, 0x28, 0xFF, 0x00, 
0x31, 0x6C, 0x34, 0xE8, 0xEC, 0xEE, 0x21, 0xB3, 0xD4, 0x24, 0x85, 0x02, 0x25, 0xDC, 0xE8, 0xCB, 
0x29, 0x0A, 0x28, 0x0B, 0xF0, 0x60, 0xAE, 0xDF, 0xE5, 0x62, 0xA8, 0x28, 0x7F, 0xE7, 0x25, 0x7F, 
0x34, 0x62, 0xD5, 0xA6, 0xD4, 0x5A, 0xEA, 0xDE, 0x61, 0x2C, 0x42, 0x24, 0xB3, 0x78, 0x7F, 0xD1, 
0xE3, 0x01, 0xB9, 0x72, 0x45, 0x52, 0xA7, 0x99, 0xE9, 0xC9, 0x99, 0xB1, 0x56, 0x3B, 0xAD, 0xFE, 
0x6E, 0x79, 0xA7, 0x58, 0xF3, 0xD6, 0x95, 0xE7, 0x1B, 0x98, 0xAD, 0x53, 0x59, 0xD2, 0x55, 0x56, 
0xDC, 0xC5, 0x13, 0x08, 0x98, 0x21, 0x62, 0xBC, 0xD0, 0xB1, 0xAD, 0x39, 0xB7, 0x7C, 0x55, 0x92, 
0x5F, 0x7F, 0xCE, 0x4B, 0x7E, 0x68, 0x5D, 0x4D, 0x69, 0x28, 0xB8, 0xB6, 0xB7, 0x6B, 0x39, 0x7D, 
0x60, 0x21, 0x87, 0x8A, 0xCA, 0x0A, 0x95, 0x31, 0xCA, 0xA5, 0x98, 0x3C, 0x67, 0x95, 0x7F, 0xD6, 
0xC5, 0x51, 0x9A, 0xE7, 0xFC, 0xE5, 0x17, 0xE6, 0x0E, 0xA5, 0xA6, 0xBD, 0x95, 0xB4, 0x16, 0x7A, 
0x64, 0x92, 0xA9, 0x49, 0x2E, 0xED, 0x95, 0xCC, 0xB4, 0x22, 0x87, 0x87, 0x32, 0x42, 0x1F, 0x7C, 
0x0A, 0xF0, 0xDB, 0xD6, 0x66, 0xB9, 0x76, 0x62, 0x59, 0x98, 0x96, 0x66, 0x26, 0xA4, 0x93, 0xB9, 
0x24, 0xE1, 0x55, 0x0C, 0x55, 0xAC, 0x55, 0xD8, 0xAB, 0x58, 0xAB, 0xB1, 0x57, 0xFF, 0xD6, 0xF2, 
0xAE, 0x2A, 0xEC, 0x55, 0xBC, 0x55, 0xD8, 0xAB, 0xB1, 0x56, 0xF1, 0x54, 0xC6, 0xD6, 0x40, 0xD1, 
0x01, 0x5D, 0xC6, 0x2A, 0xAD, 0x5C, 0x55, 0x6B, 0xB8, 0x55, 0x24, 0xE2, 0xAA, 0x76, 0xCD, 0xCA, 
0x3A, 0xFB, 0xE2, 0xAA, 0x41, 0xFF, 0x00, 0xD2, 0xE9, 0x8A, 0xAB, 0x5C, 0xCA, 0x63, 0x4A, 0x8C, 
0x55, 0xB8, 0x9C, 0xB4, 0x61, 0xBC, 0x71, 0x55, 0xB0, 0xCF, 0xCC, 0x90, 0x7A, 0x83, 0x8A, 0xAB, 
0x57, 0x15, 0x52, 0x9E, 0x46, 0x54, 0xA8, 0xC5, 0x57, 0xC6, 0xD5, 0x88, 0x31, 0xF0, 0xC5, 0x54, 
0xE0, 0xB8, 0x0E, 0x48, 0x3D, 0x46, 0x2A, 0xDB, 0xCA, 0x51, 0xC5, 0x7E, 0xC9, 0xEF, 0x8A, 0xAA, 
0x57, 0xC3, 0x15, 0x71, 0x6A, 0x0A, 0x9E, 0x98, 0xAA, 0x95, 0xBC, 0x9C, 0xF9, 0x1F, 0x7C, 0x55, 
0x5B, 0x15, 0x5A, 0xEC, 0x14, 0x54, 0xF4, 0xC5, 0x57, 0x57, 0x15, 0x75, 0x71, 0x55, 0x13, 0x20, 
0x13, 0x85, 0xC5, 0x55, 0xAB, 0xEF, 0x8A, 0xB4, 0x5A, 0x9B, 0xE2, 0xA9, 0x6C, 0xED, 0xCA, 0x52, 
0x71, 0x55, 0x33, 0x8A, 0xB5, 0x8A, 0xBB, 0x15, 0x6B, 0x15, 0x6B, 0x15, 0x7F, 0xFF, 0xD7, 0xF2, 
0xAE, 0x2A, 0xEC, 0x55, 0xD8, 0xAB, 0x78, 0xAB, 0xB1, 0x56, 0xF1, 0x55, 0xF1, 0xC8, 0xC9, 0xD3, 
0x15, 0x55, 0xFA, 0xDB, 0xF8, 0xE2, 0x95, 0x39, 0x26, 0x67, 0xEF, 0x8A, 0xBA, 0x39, 0x99, 0x05, 
0x06, 0x2A, 0xD7, 0xA8, 0xDE, 0xA7, 0x3E, 0xF8, 0xAB, 0x72, 0x4C, 0xCE, 0x28, 0x71, 0x5A, 0x72, 
0x4E, 0xEA, 0xA1, 0x41, 0xDB, 0x15, 0x5A, 0xAE, 0x55, 0xAA, 0x31, 0x5A, 0x55, 0x17, 0x4D, 0x4C, 
0x50, 0xB2, 0x49, 0x99, 0xFA, 0x9C, 0x52, 0xD8, 0xB8, 0x70, 0xBC, 0x41, 0xDB, 0x15, 0x58, 0x8E, 
0x51, 0xAA, 0x31, 0x5A, 0x5C, 0xF3, 0xBB, 0x0A, 0x1C, 0x55, 0x72, 0x5C, 0xBA, 0x8A, 0x57, 0x14, 
0x34, 0xF7, 0x0E, 0xC2, 0x98, 0xA5, 0xA8, 0xA6, 0x64, 0x04, 0x0E, 0xF8, 0xAA, 0xFF, 0x00, 0xAC, 
0xBF, 0x8E, 0x28, 0x5A, 0xF7, 0x0E, 0xCA, 0x46, 0x2A, 0xB9, 0x6E, 0x9D, 0x45, 0x31, 0x5A, 0x5B, 
0xF5, 0x87, 0xE5, 0x5A, 0xE2, 0xAD, 0x19, 0x98, 0xB8, 0x6E, 0xE3, 0x14, 0xD2, 0xE3, 0x70, 0xE4, 
0x83, 0x5E, 0x98, 0xA2, 0x9C, 0xD7, 0x2E, 0xC2, 0x95, 0xC5, 0x2A, 0x38, 0xA1, 0xAC, 0x55, 0xD8, 
0xAB, 0xB1, 0x56, 0xB1, 0x57, 0x62, 0xAF, 0xFF, 0xD0, 0xF2, 0xAE, 0x2A, 0xEC, 0x55, 0xD8, 0xAB, 
0x78, 0xAB, 0xB1, 0x57, 0x62, 0xAD, 0xE2, 0xAE, 0xC5, 0x5D, 0x8A, 0x6D, 0xD8, 0xAB, 0xB1, 0x5B, 
0x76, 0x36, 0xB6, 0xEC, 0x6D, 0x6D, 0xD8, 0xAD, 0xBB, 0x15, 0xB7, 0x62, 0xAE, 0xC5, 0x6D, 0xD8, 
0xAD, 0xBB, 0x15, 0xB7, 0x62, 0xB6, 0xEC, 0x55, 0xD8, 0xAD, 0xBB, 0x15, 0xB7, 0x62, 0xAE, 0xC5, 
0x5D, 0x8A, 0xBB, 0x15, 0x76, 0x2B, 0x6E, 0xC5, 0x0E, 0xC5, 0x5A, 0xC5, 0x5D, 0x8A, 0xBB, 0x15, 
0x6B, 0x15, 0x76, 0x2A, 0xFF, 0x00, 0xFF, 0xD1, 0xF2, 0xAE, 0x2A, 0xEC, 0x55, 0xD8, 0xAB, 0xB1, 
0x56, 0xF1, 0x57, 0x62, 0xAE, 0xC5, 0x5B, 0xAE, 0x2A, 0xEC, 0x55, 0xD5, 0xC5, 0x5D, 0x5C, 0x55, 
0xD8, 0xAB, 0xB0, 0x2B, 0xAB, 0x85, 0x5D, 0x8A, 0xBA, 0xB8, 0xAB, 0xAB, 0x8A, 0xBA, 0xB8, 0xAB, 
0xAB, 0x8A, 0xBA, 0xB8, 0xAB, 0xAB, 0x8A, 0xBB, 0x15, 0x75, 0x71, 0x57, 0x60, 0x57, 0x62, 0xAE, 
0xC2, 0xAE, 0xAE, 0x2A, 0xEA, 0xE2, 0xAD, 0x62, 0xAE, 0xC5, 0x5D, 0x8A, 0xBB, 0x15, 0x76, 0x2A, 
0xD6, 0x2A, 0xEC, 0x55, 0xFF, 0xD2, 0xF2, 0xAE, 0x2A, 0xEC, 0x55, 0xD8, 0xAB, 0xB1, 0x56, 0xF1, 
0x57, 0x62, 0xAE, 0xC5, 0x5D, 0x8A, 0xBB, 0x15, 0x76, 0x2A, 0xEC, 0x55, 0xD8, 0xAB, 0xB1, 0x57, 
0x62, 0xAE, 0xC5, 0x5D, 0x8A, 0xBB, 0x15, 0x76, 0x2A, 0xEC, 0x55, 0xD8, 0xAB, 0xB1, 0x57, 0x62, 
0xAE, 0xC5, 0x5D, 0x8A, 0xBB, 0x15, 0x76, 0x2A, 0xEC, 0x55, 0xD8, 0xAB, 0xB1, 0x57, 0x62, 0xAE, 
0xC5, 0x5D, 0x8A, 0xB5, 0x8A, 0xBB, 0x15, 0x76, 0x2A, 0xFF, 0x00, 0xFF, 0xD3, 0xF2, 0xAE, 0x2A, 
0xD6, 0x2A, 0xDE, 0x2A, 0xEC, 0x55, 0xD8, 0xAB, 0x78, 0xAB, 0xB1, 0x57, 0x62, 0xAE, 0xC5, 0x5D, 
0x8A, 0xBB, 0x15, 0x76, 0x2A, 0xEC, 0x55, 0xD8, 0xAB, 0xB1, 0x57, 0x62, 0xAE, 0xC5, 0x5D, 0x8A, 
0xBB, 0x15, 0x76, 0x2A, 0xEC, 0x55, 0xD8, 0xAB, 0xB1, 0x57, 0x62, 0xAE, 0xC5, 0x5D, 0x8A, 0xBB, 
0x15, 0x76, 0x2A, 0xEC, 0x55, 0xD8, 0xAB, 0xB1, 0x56, 0xB1, 0x57, 0x62, 0xAE, 0xC5, 0x5D, 0x8A, 
0xBF, 0xFF, 0xD4, 0xF2, 0xAE, 0x2A, 0xEC, 0x55, 0xD8, 0xAB, 0xB1, 0x57, 0x62, 0xAE, 0xC5, 0x5B, 
0xC5, 0x5D, 0x8A, 0xBB, 0x15, 0x76, 0x2A, 0xEC, 0x55, 0xD8, 0xAB, 0xB1, 0x57, 0x62, 0xAE, 0xC5, 
0x5D, 0x8A, 0xBB, 0x15, 0x76, 0x2A, 0xEC, 0x55, 0xD8, 0xAB, 0xB1, 0x57, 0x62, 0xAE, 0xC5, 0x5D, 
0x8A, 0xBB, 0x15, 0x76, 0x2A, 0xEC, 0x55, 0xD8, 0xAB, 0x58, 0xAB, 0xAB, 0x8A, 0xBB, 0x15, 0x76, 
0x2A, 0xEC, 0x55, 0xAC, 0x55, 0xBC, 0x55, 0xFF, 0xD9, };